🔧 Processing frax-finance-825...
Error running forge command: Command 'forge test --match-path test/generated/frax-finance-825/Simulation-1.t.sol -vvvv > ./proxy_data/traces/frax-finance-825/Simulation-1.log' returned non-zero exit status 1.
🧹 Removed empty directory test/generated/frax-finance-825
Warning: 文件./proxy_data/traces/frax-finance-825/Simulation-1.log中只找到一个 Trace
Trace saved to ./proxy_data/traces/frax-finance-825/Simulation-1.json
All traces processed successfully!
🔧 Processing ondo-dao...
Traces saved to ./proxy_data/traces/ondo-dao/Simulation-6.log
Traces saved to ./proxy_data/traces/ondo-dao/Simulation-10.log
Traces saved to ./proxy_data/traces/ondo-dao/Simulation-8.log
Traces saved to ./proxy_data/traces/ondo-dao/Simulation-7.log
Traces saved to ./proxy_data/traces/ondo-dao/Simulation-9.log
🧹 Removed empty directory test/generated/ondo-dao
Warning: 文件./proxy_data/traces/ondo-dao/Simulation-6.log中只找到一个 Trace
Trace saved to ./proxy_data/traces/ondo-dao/Simulation-6.json
Warning: 文件./proxy_data/traces/ondo-dao/Simulation-10.log中只找到一个 Trace
Trace saved to ./proxy_data/traces/ondo-dao/Simulation-10.json
Warning: 文件./proxy_data/traces/ondo-dao/Simulation-9.log中只找到一个 Trace
Trace saved to ./proxy_data/traces/ondo-dao/Simulation-9.json
Warning: 文件./proxy_data/traces/ondo-dao/Simulation-7.log中只找到一个 Trace
Trace saved to ./proxy_data/traces/ondo-dao/Simulation-7.json
Warning: 文件./proxy_data/traces/ondo-dao/Simulation-8.log中只找到一个 Trace
Trace saved to ./proxy_data/traces/ondo-dao/Simulation-8.json
All traces processed successfully!
🔧 Processing uniswap...
Traces saved to ./proxy_data/traces/uniswap/Simulation-86.log
Traces saved to ./proxy_data/traces/uniswap/Simulation-89.log
Traces saved to ./proxy_data/traces/uniswap/Simulation-85.log
Traces saved to ./proxy_data/traces/uniswap/Simulation-88.log
Traces saved to ./proxy_data/traces/uniswap/Simulation-87.log
🧹 Removed empty directory test/generated/uniswap
Warning: 文件./proxy_data/traces/uniswap/Simulation-86.log中只找到一个 Trace
Trace saved to ./proxy_data/traces/uniswap/Simulation-86.json
Warning: 文件./proxy_data/traces/uniswap/Simulation-1.log中只找到一个 Trace
Trace saved to ./proxy_data/traces/uniswap/Simulation-1.json
Warning: 文件./proxy_data/traces/uniswap/Simulation-89.log中只找到一个 Trace
Trace saved to ./proxy_data/traces/uniswap/Simulation-89.json
Warning: 文件./proxy_data/traces/uniswap/Simulation-88.log中只找到一个 Trace
Trace saved to ./proxy_data/traces/uniswap/Simulation-88.json
Error: 文件./proxy_data/traces/uniswap/Simulation-30.log中找不到 Trace
Warning: 文件./proxy_data/traces/uniswap/Simulation-87.log中只找到一个 Trace
Trace saved to ./proxy_data/traces/uniswap/Simulation-87.json
Warning: 文件./proxy_data/traces/uniswap/Simulation-45.log中只找到一个 Trace
Trace saved to ./proxy_data/traces/uniswap/Simulation-45.json
Warning: 文件./proxy_data/traces/uniswap/Simulation-79.log中只找到一个 Trace
Trace saved to ./proxy_data/traces/uniswap/Simulation-79.json
Warning: 文件./proxy_data/traces/uniswap/Simulation-85.log中只找到一个 Trace
Trace saved to ./proxy_data/traces/uniswap/Simulation-85.json
All traces processed successfully!
🔧 Processing radworks...
Error running forge command: Command 'forge test --match-path test/generated/radworks/Simulation-24.t.sol -vvvv > ./proxy_data/traces/radworks/Simulation-24.log' returned non-zero exit status 1.
Error running forge command: Command 'forge test --match-path test/generated/radworks/Simulation-22.t.sol -vvvv > ./proxy_data/traces/radworks/Simulation-22.log' returned non-zero exit status 1.
Error running forge command: Command 'forge test --match-path test/generated/radworks/Simulation-23.t.sol -vvvv > ./proxy_data/traces/radworks/Simulation-23.log' returned non-zero exit status 1.
Error running forge command: Command 'forge test --match-path test/generated/radworks/Simulation-25.t.sol -vvvv > ./proxy_data/traces/radworks/Simulation-25.log' returned non-zero exit status 1.
Error running forge command: Command 'forge test --match-path test/generated/radworks/Simulation-21.t.sol -vvvv > ./proxy_data/traces/radworks/Simulation-21.log' returned non-zero exit status 1.
🧹 Removed empty directory test/generated/radworks
Warning: 文件./proxy_data/traces/radworks/Simulation-25.log中只找到一个 Trace
Trace saved to ./proxy_data/traces/radworks/Simulation-25.json
Warning: 文件./proxy_data/traces/radworks/Simulation-24.log中只找到一个 Trace
Trace saved to ./proxy_data/traces/radworks/Simulation-24.json
Warning: 文件./proxy_data/traces/radworks/Simulation-21.log中只找到一个 Trace
Trace saved to ./proxy_data/traces/radworks/Simulation-21.json
Warning: 文件./proxy_data/traces/radworks/Simulation-22.log中只找到一个 Trace
Trace saved to ./proxy_data/traces/radworks/Simulation-22.json
Warning: 文件./proxy_data/traces/radworks/Simulation-23.log中只找到一个 Trace
Trace saved to ./proxy_data/traces/radworks/Simulation-23.json
All traces processed successfully!
🔧 Processing hifi-dao...
Traces saved to ./proxy_data/traces/hifi-dao/Simulation-15.log
Traces saved to ./proxy_data/traces/hifi-dao/Simulation-12.log
Traces saved to ./proxy_data/traces/hifi-dao/Simulation-11.log
Traces saved to ./proxy_data/traces/hifi-dao/Simulation-13.log
Traces saved to ./proxy_data/traces/hifi-dao/Simulation-14.log
🧹 Removed empty directory test/generated/hifi-dao
Warning: 文件./proxy_data/traces/hifi-dao/Simulation-13.log中只找到一个 Trace
Trace saved to ./proxy_data/traces/hifi-dao/Simulation-13.json
Warning: 文件./proxy_data/traces/hifi-dao/Simulation-12.log中只找到一个 Trace
Trace saved to ./proxy_data/traces/hifi-dao/Simulation-12.json
Warning: 文件./proxy_data/traces/hifi-dao/Simulation-14.log中只找到一个 Trace
Trace saved to ./proxy_data/traces/hifi-dao/Simulation-14.json
Warning: 文件./proxy_data/traces/hifi-dao/Simulation-15.log中只找到一个 Trace
Trace saved to ./proxy_data/traces/hifi-dao/Simulation-15.json
Warning: 文件./proxy_data/traces/hifi-dao/Simulation-11.log中只找到一个 Trace
Trace saved to ./proxy_data/traces/hifi-dao/Simulation-11.json
All traces processed successfully!
🔧 Processing pooh...
Error running forge command: Command 'forge test --match-path test/generated/pooh/Simulation-89988223267575957087345521502019247847174929295606455397570542518484657531009.t.sol -vvvv > ./proxy_data/traces/pooh/Simulation-89988223267575957087345521502019247847174929295606455397570542518484657531009.log' returned non-zero exit status 1.
Error running forge command: Command 'forge test --match-path test/generated/pooh/Simulation-113255642107089226604648784385682238976404141366874751072744081122120480197155.t.sol -vvvv > ./proxy_data/traces/pooh/Simulation-113255642107089226604648784385682238976404141366874751072744081122120480197155.log' returned non-zero exit status 1.
Error running forge command: Command 'forge test --match-path test/generated/pooh/Simulation-52026747902531277496917373731066422438374057070919424978560816888778112484807.t.sol -vvvv > ./proxy_data/traces/pooh/Simulation-52026747902531277496917373731066422438374057070919424978560816888778112484807.log' returned non-zero exit status 1.
Error running forge command: Command 'forge test --match-path test/generated/pooh/Simulation-112744832950426707833822420662973395742031854558698159428517138058212362541286.t.sol -vvvv > ./proxy_data/traces/pooh/Simulation-112744832950426707833822420662973395742031854558698159428517138058212362541286.log' returned non-zero exit status 1.
Error running forge command: Command 'forge test --match-path test/generated/pooh/Simulation-15326838971450040838853170681815904510528487283206868662709911290516012660707.t.sol -vvvv > ./proxy_data/traces/pooh/Simulation-15326838971450040838853170681815904510528487283206868662709911290516012660707.log' returned non-zero exit status 1.
🧹 Removed empty directory test/generated/pooh
Warning: 文件./proxy_data/traces/pooh/Simulation-112744832950426707833822420662973395742031854558698159428517138058212362541286.log中只找到一个 Trace
Trace saved to ./proxy_data/traces/pooh/Simulation-112744832950426707833822420662973395742031854558698159428517138058212362541286.json
Warning: 文件./proxy_data/traces/pooh/Simulation-52026747902531277496917373731066422438374057070919424978560816888778112484807.log中只找到一个 Trace
Trace saved to ./proxy_data/traces/pooh/Simulation-52026747902531277496917373731066422438374057070919424978560816888778112484807.json
Warning: 文件./proxy_data/traces/pooh/Simulation-113255642107089226604648784385682238976404141366874751072744081122120480197155.log中只找到一个 Trace
Trace saved to ./proxy_data/traces/pooh/Simulation-113255642107089226604648784385682238976404141366874751072744081122120480197155.json
Warning: 文件./proxy_data/traces/pooh/Simulation-15326838971450040838853170681815904510528487283206868662709911290516012660707.log中只找到一个 Trace
Trace saved to ./proxy_data/traces/pooh/Simulation-15326838971450040838853170681815904510528487283206868662709911290516012660707.json
Warning: 文件./proxy_data/traces/pooh/Simulation-89988223267575957087345521502019247847174929295606455397570542518484657531009.log中只找到一个 Trace
Trace saved to ./proxy_data/traces/pooh/Simulation-89988223267575957087345521502019247847174929295606455397570542518484657531009.json
All traces processed successfully!
🔧 Processing pepe-cash...
Error running forge command: Command 'forge test --match-path test/generated/pepe-cash/Simulation-91393866635768648447928625757968585622791611225004045328634934201282672410037.t.sol -vvvv > ./proxy_data/traces/pepe-cash/Simulation-91393866635768648447928625757968585622791611225004045328634934201282672410037.log' returned non-zero exit status 1.
Error running forge command: Command 'forge test --match-path test/generated/pepe-cash/Simulation-23418070970958317736873252957498774993819783778246102208837945843279360181026.t.sol -vvvv > ./proxy_data/traces/pepe-cash/Simulation-23418070970958317736873252957498774993819783778246102208837945843279360181026.log' returned non-zero exit status 1.
Error running forge command: Command 'forge test --match-path test/generated/pepe-cash/Simulation-77906391804084109174080662373329476857397180114318951711066943668092854858442.t.sol -vvvv > ./proxy_data/traces/pepe-cash/Simulation-77906391804084109174080662373329476857397180114318951711066943668092854858442.log' returned non-zero exit status 1.
🧹 Removed empty directory test/generated/pepe-cash
Warning: 文件./proxy_data/traces/pepe-cash/Simulation-23418070970958317736873252957498774993819783778246102208837945843279360181026.log中只找到一个 Trace
Trace saved to ./proxy_data/traces/pepe-cash/Simulation-23418070970958317736873252957498774993819783778246102208837945843279360181026.json
Warning: 文件./proxy_data/traces/pepe-cash/Simulation-91393866635768648447928625757968585622791611225004045328634934201282672410037.log中只找到一个 Trace
Trace saved to ./proxy_data/traces/pepe-cash/Simulation-91393866635768648447928625757968585622791611225004045328634934201282672410037.json
Warning: 文件./proxy_data/traces/pepe-cash/Simulation-77906391804084109174080662373329476857397180114318951711066943668092854858442.log中只找到一个 Trace
Trace saved to ./proxy_data/traces/pepe-cash/Simulation-77906391804084109174080662373329476857397180114318951711066943668092854858442.json
All traces processed successfully!
🔧 Processing bambi-cash-dao...
Error running forge command: Command 'forge test --match-path test/generated/bambi-cash-dao/Simulation-5508338911662402318798883503569402034283413232204053082072282916723920752093.t.sol -vvvv > ./proxy_data/traces/bambi-cash-dao/Simulation-5508338911662402318798883503569402034283413232204053082072282916723920752093.log' returned non-zero exit status 1.
Error running forge command: Command 'forge test --match-path test/generated/bambi-cash-dao/Simulation-61322885576398925032746208438122658219727597337072130502591376217793129203307.t.sol -vvvv > ./proxy_data/traces/bambi-cash-dao/Simulation-61322885576398925032746208438122658219727597337072130502591376217793129203307.log' returned non-zero exit status 1.
Error running forge command: Command 'forge test --match-path test/generated/bambi-cash-dao/Simulation-41832001490512865024111126588994436690618165960244137426841173154160548115533.t.sol -vvvv > ./proxy_data/traces/bambi-cash-dao/Simulation-41832001490512865024111126588994436690618165960244137426841173154160548115533.log' returned non-zero exit status 1.
Error running forge command: Command 'forge test --match-path test/generated/bambi-cash-dao/Simulation-77356963761978137981687498222819705892078231668421020900161625489513800397612.t.sol -vvvv > ./proxy_data/traces/bambi-cash-dao/Simulation-77356963761978137981687498222819705892078231668421020900161625489513800397612.log' returned non-zero exit status 1.
Error running forge command: Command 'forge test --match-path test/generated/bambi-cash-dao/Simulation-13036433793555515143259043984968236952295879584060163810511952064024255745252.t.sol -vvvv > ./proxy_data/traces/bambi-cash-dao/Simulation-13036433793555515143259043984968236952295879584060163810511952064024255745252.log' returned non-zero exit status 1.
🧹 Removed empty directory test/generated/bambi-cash-dao
Warning: 文件./proxy_data/traces/bambi-cash-dao/Simulation-61322885576398925032746208438122658219727597337072130502591376217793129203307.log中只找到一个 Trace
Trace saved to ./proxy_data/traces/bambi-cash-dao/Simulation-61322885576398925032746208438122658219727597337072130502591376217793129203307.json
Warning: 文件./proxy_data/traces/bambi-cash-dao/Simulation-13036433793555515143259043984968236952295879584060163810511952064024255745252.log中只找到一个 Trace
Trace saved to ./proxy_data/traces/bambi-cash-dao/Simulation-13036433793555515143259043984968236952295879584060163810511952064024255745252.json
Warning: 文件./proxy_data/traces/bambi-cash-dao/Simulation-5508338911662402318798883503569402034283413232204053082072282916723920752093.log中只找到一个 Trace
Trace saved to ./proxy_data/traces/bambi-cash-dao/Simulation-5508338911662402318798883503569402034283413232204053082072282916723920752093.json
Warning: 文件./proxy_data/traces/bambi-cash-dao/Simulation-41832001490512865024111126588994436690618165960244137426841173154160548115533.log中只找到一个 Trace
Trace saved to ./proxy_data/traces/bambi-cash-dao/Simulation-41832001490512865024111126588994436690618165960244137426841173154160548115533.json
Warning: 文件./proxy_data/traces/bambi-cash-dao/Simulation-77356963761978137981687498222819705892078231668421020900161625489513800397612.log中只找到一个 Trace
Trace saved to ./proxy_data/traces/bambi-cash-dao/Simulation-77356963761978137981687498222819705892078231668421020900161625489513800397612.json
All traces processed successfully!
🔧 Processing wendao...
Error running forge command: Command 'forge test --match-path test/generated/wendao/Simulation-28690781564248701188871266560878760461329815636900470933073349727578012387315.t.sol -vvvv > ./proxy_data/traces/wendao/Simulation-28690781564248701188871266560878760461329815636900470933073349727578012387315.log' returned non-zero exit status 1.
Error running forge command: Command 'forge test --match-path test/generated/wendao/Simulation-74939914375087186507821791836633669280343694204604147923983393591271137300758.t.sol -vvvv > ./proxy_data/traces/wendao/Simulation-74939914375087186507821791836633669280343694204604147923983393591271137300758.log' returned non-zero exit status 1.
🧹 Removed empty directory test/generated/wendao
Warning: 文件./proxy_data/traces/wendao/Simulation-74939914375087186507821791836633669280343694204604147923983393591271137300758.log中只找到一个 Trace
Trace saved to ./proxy_data/traces/wendao/Simulation-74939914375087186507821791836633669280343694204604147923983393591271137300758.json
Warning: 文件./proxy_data/traces/wendao/Simulation-28690781564248701188871266560878760461329815636900470933073349727578012387315.log中只找到一个 Trace
Trace saved to ./proxy_data/traces/wendao/Simulation-28690781564248701188871266560878760461329815636900470933073349727578012387315.json
All traces processed successfully!
🔧 Processing compound-alpha-old...
Error running forge command: Command 'forge test --match-path test/generated/compound-alpha-old/Simulation-39.t.sol -vvvv > ./proxy_data/traces/compound-alpha-old/Simulation-39.log' returned non-zero exit status 1.
Error running forge command: Command 'forge test --match-path test/generated/compound-alpha-old/Simulation-42.t.sol -vvvv > ./proxy_data/traces/compound-alpha-old/Simulation-42.log' returned non-zero exit status 1.
Error running forge command: Command 'forge test --match-path test/generated/compound-alpha-old/Simulation-40.t.sol -vvvv > ./proxy_data/traces/compound-alpha-old/Simulation-40.log' returned non-zero exit status 1.
Error running forge command: Command 'forge test --match-path test/generated/compound-alpha-old/Simulation-38.t.sol -vvvv > ./proxy_data/traces/compound-alpha-old/Simulation-38.log' returned non-zero exit status 1.
Error running forge command: Command 'forge test --match-path test/generated/compound-alpha-old/Simulation-41.t.sol -vvvv > ./proxy_data/traces/compound-alpha-old/Simulation-41.log' returned non-zero exit status 1.
🧹 Removed empty directory test/generated/compound-alpha-old
Warning: 文件./proxy_data/traces/compound-alpha-old/Simulation-42.log中只找到一个 Trace
Trace saved to ./proxy_data/traces/compound-alpha-old/Simulation-42.json
Warning: 文件./proxy_data/traces/compound-alpha-old/Simulation-39.log中只找到一个 Trace
Trace saved to ./proxy_data/traces/compound-alpha-old/Simulation-39.json
Warning: 文件./proxy_data/traces/compound-alpha-old/Simulation-40.log中只找到一个 Trace
Trace saved to ./proxy_data/traces/compound-alpha-old/Simulation-40.json
Warning: 文件./proxy_data/traces/compound-alpha-old/Simulation-38.log中只找到一个 Trace
Trace saved to ./proxy_data/traces/compound-alpha-old/Simulation-38.json
Warning: 文件./proxy_data/traces/compound-alpha-old/Simulation-41.log中只找到一个 Trace
Trace saved to ./proxy_data/traces/compound-alpha-old/Simulation-41.json
All traces processed successfully!
🔧 Processing compound...
Traces saved to ./proxy_data/traces/compound/Simulation-393.log
Traces saved to ./proxy_data/traces/compound/Simulation-392.log
Traces saved to ./proxy_data/traces/compound/Simulation-389.log
Traces saved to ./proxy_data/traces/compound/Simulation-391.log
Traces saved to ./proxy_data/traces/compound/Simulation-390.log
🧹 Removed empty directory test/generated/compound
Warning: 文件./proxy_data/traces/compound/Simulation-391.log中只找到一个 Trace
Trace saved to ./proxy_data/traces/compound/Simulation-391.json
Warning: 文件./proxy_data/traces/compound/Simulation-390.log中只找到一个 Trace
Trace saved to ./proxy_data/traces/compound/Simulation-390.json
Warning: 文件./proxy_data/traces/compound/Simulation-392.log中只找到一个 Trace
Trace saved to ./proxy_data/traces/compound/Simulation-392.json
Warning: 文件./proxy_data/traces/compound/Simulation-393.log中只找到一个 Trace
Trace saved to ./proxy_data/traces/compound/Simulation-393.json
Warning: 文件./proxy_data/traces/compound/Simulation-389.log中只找到一个 Trace
Trace saved to ./proxy_data/traces/compound/Simulation-389.json
All traces processed successfully!
🔧 Processing ens...
Traces saved to ./proxy_data/traces/ens/Simulation-75480516867756766284972947192514005324792532674550120092693062891336419998702.log
Traces saved to ./proxy_data/traces/ens/Simulation-83558494563463316177076768398348085020294312678713085260352382286714788322618.log
Traces saved to ./proxy_data/traces/ens/Simulation-6325634497264265012626716784077918930541180346289202027480596910133312093648.log
Traces saved to ./proxy_data/traces/ens/Simulation-20404686300257550242704646761273386459664655640264490428281621095220078268383.log
Traces saved to ./proxy_data/traces/ens/Simulation-18742211083269328003498907723174230327570776601682376043962489402709315500668.log
🧹 Removed empty directory test/generated/ens
Warning: 文件./proxy_data/traces/ens/Simulation-20404686300257550242704646761273386459664655640264490428281621095220078268383.log中只找到一个 Trace
Trace saved to ./proxy_data/traces/ens/Simulation-20404686300257550242704646761273386459664655640264490428281621095220078268383.json
Warning: 文件./proxy_data/traces/ens/Simulation-18742211083269328003498907723174230327570776601682376043962489402709315500668.log中只找到一个 Trace
Trace saved to ./proxy_data/traces/ens/Simulation-18742211083269328003498907723174230327570776601682376043962489402709315500668.json
Warning: 文件./proxy_data/traces/ens/Simulation-6325634497264265012626716784077918930541180346289202027480596910133312093648.log中只找到一个 Trace
Trace saved to ./proxy_data/traces/ens/Simulation-6325634497264265012626716784077918930541180346289202027480596910133312093648.json
Warning: 文件./proxy_data/traces/ens/Simulation-83558494563463316177076768398348085020294312678713085260352382286714788322618.log中只找到一个 Trace
Trace saved to ./proxy_data/traces/ens/Simulation-83558494563463316177076768398348085020294312678713085260352382286714788322618.json
Warning: 文件./proxy_data/traces/ens/Simulation-75480516867756766284972947192514005324792532674550120092693062891336419998702.log中只找到一个 Trace
Trace saved to ./proxy_data/traces/ens/Simulation-75480516867756766284972947192514005324792532674550120092693062891336419998702.json
All traces processed successfully!
🔧 Processing anvil...
Error running forge command: Command 'forge test --match-path test/generated/anvil/Simulation-73340947604195914145207672231534699045512683211273641459777817596472200888608.t.sol -vvvv > ./proxy_data/traces/anvil/Simulation-73340947604195914145207672231534699045512683211273641459777817596472200888608.log' returned non-zero exit status 1.
Error running forge command: Command 'forge test --match-path test/generated/anvil/Simulation-42330922814698805060927905860016485953702258320535482888406024398956999676832.t.sol -vvvv > ./proxy_data/traces/anvil/Simulation-42330922814698805060927905860016485953702258320535482888406024398956999676832.log' returned non-zero exit status 1.
Error running forge command: Command 'forge test --match-path test/generated/anvil/Simulation-24716934911389170016757989901499273074878070323414038081847621593479638038910.t.sol -vvvv > ./proxy_data/traces/anvil/Simulation-24716934911389170016757989901499273074878070323414038081847621593479638038910.log' returned non-zero exit status 1.
Error running forge command: Command 'forge test --match-path test/generated/anvil/Simulation-28990780974486874160619035263202592523347417748527430959164465304083945036079.t.sol -vvvv > ./proxy_data/traces/anvil/Simulation-28990780974486874160619035263202592523347417748527430959164465304083945036079.log' returned non-zero exit status 1.
Error running forge command: Command 'forge test --match-path test/generated/anvil/Simulation-76185304864823994622720382741257914196125475880986531676656473441853894852287.t.sol -vvvv > ./proxy_data/traces/anvil/Simulation-76185304864823994622720382741257914196125475880986531676656473441853894852287.log' returned non-zero exit status 1.
🧹 Removed empty directory test/generated/anvil
Warning: 文件./proxy_data/traces/anvil/Simulation-73340947604195914145207672231534699045512683211273641459777817596472200888608.log中只找到一个 Trace
Trace saved to ./proxy_data/traces/anvil/Simulation-73340947604195914145207672231534699045512683211273641459777817596472200888608.json
Warning: 文件./proxy_data/traces/anvil/Simulation-76185304864823994622720382741257914196125475880986531676656473441853894852287.log中只找到一个 Trace
Trace saved to ./proxy_data/traces/anvil/Simulation-76185304864823994622720382741257914196125475880986531676656473441853894852287.json
Warning: 文件./proxy_data/traces/anvil/Simulation-24716934911389170016757989901499273074878070323414038081847621593479638038910.log中只找到一个 Trace
Trace saved to ./proxy_data/traces/anvil/Simulation-24716934911389170016757989901499273074878070323414038081847621593479638038910.json
Warning: 文件./proxy_data/traces/anvil/Simulation-42330922814698805060927905860016485953702258320535482888406024398956999676832.log中只找到一个 Trace
Trace saved to ./proxy_data/traces/anvil/Simulation-42330922814698805060927905860016485953702258320535482888406024398956999676832.json
Warning: 文件./proxy_data/traces/anvil/Simulation-28990780974486874160619035263202592523347417748527430959164465304083945036079.log中只找到一个 Trace
Trace saved to ./proxy_data/traces/anvil/Simulation-28990780974486874160619035263202592523347417748527430959164465304083945036079.json
All traces processed successfully!
🔧 Processing angle...
🧹 Removed empty directory test/generated/angle
⚠️ No output trace for angle, skipped formatting.
🔧 Processing blur...
Error running forge command: Command 'forge test --match-path test/generated/blur/Simulation-109436022934039072681594357554998491511735499617120781913401768249767338544750.t.sol -vvvv > ./proxy_data/traces/blur/Simulation-109436022934039072681594357554998491511735499617120781913401768249767338544750.log' returned non-zero exit status 1.
Error running forge command: Command 'forge test --match-path test/generated/blur/Simulation-50353342717165664092038613553640652768695443954712376586823711187967599791541.t.sol -vvvv > ./proxy_data/traces/blur/Simulation-50353342717165664092038613553640652768695443954712376586823711187967599791541.log' returned non-zero exit status 1.
🧹 Removed empty directory test/generated/blur
Warning: 文件./proxy_data/traces/blur/Simulation-109436022934039072681594357554998491511735499617120781913401768249767338544750.log中只找到一个 Trace
Trace saved to ./proxy_data/traces/blur/Simulation-109436022934039072681594357554998491511735499617120781913401768249767338544750.json
Warning: 文件./proxy_data/traces/blur/Simulation-50353342717165664092038613553640652768695443954712376586823711187967599791541.log中只找到一个 Trace
Trace saved to ./proxy_data/traces/blur/Simulation-50353342717165664092038613553640652768695443954712376586823711187967599791541.json
All traces processed successfully!
🔧 Processing ooki-98...
🧹 Removed empty directory test/generated/ooki-98
⚠️ No output trace for ooki-98, skipped formatting.
🔧 Processing silo...
Traces saved to ./proxy_data/traces/silo/Simulation-48693288778079427684377870244896568094523035952340185843829899514985994690694.log
Traces saved to ./proxy_data/traces/silo/Simulation-104946761893519969323147417903940213575027734507946225416800119998905600558196.log
Traces saved to ./proxy_data/traces/silo/Simulation-62747437823291377422230453592007169094706767211807669281010718520101673585689.log
Traces saved to ./proxy_data/traces/silo/Simulation-18276569314925276136135685502814284210765923444743697642540849813143961551143.log
Traces saved to ./proxy_data/traces/silo/Simulation-69003870735637844294780701988735723931549461066805285812416911107587810248822.log
🧹 Removed empty directory test/generated/silo
Warning: 文件./proxy_data/traces/silo/Simulation-104946761893519969323147417903940213575027734507946225416800119998905600558196.log中只找到一个 Trace
Trace saved to ./proxy_data/traces/silo/Simulation-104946761893519969323147417903940213575027734507946225416800119998905600558196.json
Warning: 文件./proxy_data/traces/silo/Simulation-69003870735637844294780701988735723931549461066805285812416911107587810248822.log中只找到一个 Trace
Trace saved to ./proxy_data/traces/silo/Simulation-69003870735637844294780701988735723931549461066805285812416911107587810248822.json
Warning: 文件./proxy_data/traces/silo/Simulation-48693288778079427684377870244896568094523035952340185843829899514985994690694.log中只找到一个 Trace
Trace saved to ./proxy_data/traces/silo/Simulation-48693288778079427684377870244896568094523035952340185843829899514985994690694.json
Warning: 文件./proxy_data/traces/silo/Simulation-18276569314925276136135685502814284210765923444743697642540849813143961551143.log中只找到一个 Trace
Trace saved to ./proxy_data/traces/silo/Simulation-18276569314925276136135685502814284210765923444743697642540849813143961551143.json
Warning: 文件./proxy_data/traces/silo/Simulation-62747437823291377422230453592007169094706767211807669281010718520101673585689.log中只找到一个 Trace
Trace saved to ./proxy_data/traces/silo/Simulation-62747437823291377422230453592007169094706767211807669281010718520101673585689.json
All traces processed successfully!
🔧 Processing fei...
Traces saved to ./proxy_data/traces/fei/Simulation-64863446409291443125870692229577565231046239594774676712611109555958259692263.log
Traces saved to ./proxy_data/traces/fei/Simulation-62700755639705143160530338841990955051879022529821994782969042269912927044639.log
Traces saved to ./proxy_data/traces/fei/Simulation-40494215678183079926634175176986219126439592295510157269103853910881682985593.log
Traces saved to ./proxy_data/traces/fei/Simulation-18409504155893955395764219200342193055990239653098975117323864343432865890837.log
Traces saved to ./proxy_data/traces/fei/Simulation-40670540294817951048652601495835665843054941885748932033910996308910432923160.log
🧹 Removed empty directory test/generated/fei
Warning: 文件./proxy_data/traces/fei/Simulation-62700755639705143160530338841990955051879022529821994782969042269912927044639.log中只找到一个 Trace
Trace saved to ./proxy_data/traces/fei/Simulation-62700755639705143160530338841990955051879022529821994782969042269912927044639.json
Warning: 文件./proxy_data/traces/fei/Simulation-40670540294817951048652601495835665843054941885748932033910996308910432923160.log中只找到一个 Trace
Trace saved to ./proxy_data/traces/fei/Simulation-40670540294817951048652601495835665843054941885748932033910996308910432923160.json
Warning: 文件./proxy_data/traces/fei/Simulation-64863446409291443125870692229577565231046239594774676712611109555958259692263.log中只找到一个 Trace
Trace saved to ./proxy_data/traces/fei/Simulation-64863446409291443125870692229577565231046239594774676712611109555958259692263.json
Warning: 文件./proxy_data/traces/fei/Simulation-18409504155893955395764219200342193055990239653098975117323864343432865890837.log中只找到一个 Trace
Trace saved to ./proxy_data/traces/fei/Simulation-18409504155893955395764219200342193055990239653098975117323864343432865890837.json
Warning: 文件./proxy_data/traces/fei/Simulation-40494215678183079926634175176986219126439592295510157269103853910881682985593.log中只找到一个 Trace
Trace saved to ./proxy_data/traces/fei/Simulation-40494215678183079926634175176986219126439592295510157269103853910881682985593.json
All traces processed successfully!
🔧 Processing rari-capital...
Traces saved to ./proxy_data/traces/rari-capital/Simulation-6.log
Traces saved to ./proxy_data/traces/rari-capital/Simulation-5.log
Traces saved to ./proxy_data/traces/rari-capital/Simulation-8.log
Traces saved to ./proxy_data/traces/rari-capital/Simulation-7.log
Traces saved to ./proxy_data/traces/rari-capital/Simulation-9.log
🧹 Removed empty directory test/generated/rari-capital
Warning: 文件./proxy_data/traces/rari-capital/Simulation-6.log中只找到一个 Trace
Trace saved to ./proxy_data/traces/rari-capital/Simulation-6.json
Warning: 文件./proxy_data/traces/rari-capital/Simulation-5.log中只找到一个 Trace
Trace saved to ./proxy_data/traces/rari-capital/Simulation-5.json
Warning: 文件./proxy_data/traces/rari-capital/Simulation-9.log中只找到一个 Trace
Trace saved to ./proxy_data/traces/rari-capital/Simulation-9.json
Warning: 文件./proxy_data/traces/rari-capital/Simulation-7.log中只找到一个 Trace
Trace saved to ./proxy_data/traces/rari-capital/Simulation-7.json
Warning: 文件./proxy_data/traces/rari-capital/Simulation-8.log中只找到一个 Trace
Trace saved to ./proxy_data/traces/rari-capital/Simulation-8.json
All traces processed successfully!
🔧 Processing instadapp...
Error running forge command: Command 'forge test --match-path test/generated/instadapp/Simulation-101.t.sol -vvvv > ./proxy_data/traces/instadapp/Simulation-101.log' returned non-zero exit status 1.
Error running forge command: Command 'forge test --match-path test/generated/instadapp/Simulation-98.t.sol -vvvv > ./proxy_data/traces/instadapp/Simulation-98.log' returned non-zero exit status 1.
Error running forge command: Command 'forge test --match-path test/generated/instadapp/Simulation-97.t.sol -vvvv > ./proxy_data/traces/instadapp/Simulation-97.log' returned non-zero exit status 1.
Error running forge command: Command 'forge test --match-path test/generated/instadapp/Simulation-100.t.sol -vvvv > ./proxy_data/traces/instadapp/Simulation-100.log' returned non-zero exit status 1.
Error running forge command: Command 'forge test --match-path test/generated/instadapp/Simulation-99.t.sol -vvvv > ./proxy_data/traces/instadapp/Simulation-99.log' returned non-zero exit status 1.
🧹 Removed empty directory test/generated/instadapp
Warning: 文件./proxy_data/traces/instadapp/Simulation-97.log中只找到一个 Trace
Trace saved to ./proxy_data/traces/instadapp/Simulation-97.json
Warning: 文件./proxy_data/traces/instadapp/Simulation-98.log中只找到一个 Trace
Trace saved to ./proxy_data/traces/instadapp/Simulation-98.json
Warning: 文件./proxy_data/traces/instadapp/Simulation-99.log中只找到一个 Trace
Trace saved to ./proxy_data/traces/instadapp/Simulation-99.json
Warning: 文件./proxy_data/traces/instadapp/Simulation-100.log中只找到一个 Trace
Trace saved to ./proxy_data/traces/instadapp/Simulation-100.json
Warning: 文件./proxy_data/traces/instadapp/Simulation-101.log中只找到一个 Trace
Trace saved to ./proxy_data/traces/instadapp/Simulation-101.json
All traces processed successfully!
🔧 Processing aave...
Error running forge command: Command 'forge test --match-path test/generated/aave/Simulation-416.t.sol -vvvv > ./proxy_data/traces/aave/Simulation-416.log' returned non-zero exit status 1.
Error running forge command: Command 'forge test --match-path test/generated/aave/Simulation-412.t.sol -vvvv > ./proxy_data/traces/aave/Simulation-412.log' returned non-zero exit status 1.
Error running forge command: Command 'forge test --match-path test/generated/aave/Simulation-414.t.sol -vvvv > ./proxy_data/traces/aave/Simulation-414.log' returned non-zero exit status 1.
Error running forge command: Command 'forge test --match-path test/generated/aave/Simulation-413.t.sol -vvvv > ./proxy_data/traces/aave/Simulation-413.log' returned non-zero exit status 1.
Error running forge command: Command 'forge test --match-path test/generated/aave/Simulation-415.t.sol -vvvv > ./proxy_data/traces/aave/Simulation-415.log' returned non-zero exit status 1.
🧹 Removed empty directory test/generated/aave
Warning: 文件./proxy_data/traces/aave/Simulation-412.log中只找到一个 Trace
Trace saved to ./proxy_data/traces/aave/Simulation-412.json
Warning: 文件./proxy_data/traces/aave/Simulation-415.log中只找到一个 Trace
Trace saved to ./proxy_data/traces/aave/Simulation-415.json
Warning: 文件./proxy_data/traces/aave/Simulation-413.log中只找到一个 Trace
Trace saved to ./proxy_data/traces/aave/Simulation-413.json
Warning: 文件./proxy_data/traces/aave/Simulation-414.log中只找到一个 Trace
Trace saved to ./proxy_data/traces/aave/Simulation-414.json
Warning: 文件./proxy_data/traces/aave/Simulation-416.log中只找到一个 Trace
Trace saved to ./proxy_data/traces/aave/Simulation-416.json
All traces processed successfully!
🔧 Processing sudoswap...
Error running forge command: Command 'forge test --match-path test/generated/sudoswap/Simulation-19122665304984261874322263462303911197783933501027713169650973570759380886372.t.sol -vvvv > ./proxy_data/traces/sudoswap/Simulation-19122665304984261874322263462303911197783933501027713169650973570759380886372.log' returned non-zero exit status 1.
Error running forge command: Command 'forge test --match-path test/generated/sudoswap/Simulation-45174179287442544504618785867748981734078108870357515170453271252418519337728.t.sol -vvvv > ./proxy_data/traces/sudoswap/Simulation-45174179287442544504618785867748981734078108870357515170453271252418519337728.log' returned non-zero exit status 1.
Error running forge command: Command 'forge test --match-path test/generated/sudoswap/Simulation-96470875712765118858248021049991370777926601921283599477409656196906183495142.t.sol -vvvv > ./proxy_data/traces/sudoswap/Simulation-96470875712765118858248021049991370777926601921283599477409656196906183495142.log' returned non-zero exit status 1.
Error running forge command: Command 'forge test --match-path test/generated/sudoswap/Simulation-4380261610915227377778094108305481108679997502163829126221982873976172485599.t.sol -vvvv > ./proxy_data/traces/sudoswap/Simulation-4380261610915227377778094108305481108679997502163829126221982873976172485599.log' returned non-zero exit status 1.
Error running forge command: Command 'forge test --match-path test/generated/sudoswap/Simulation-60087602321827355866306002885206396021547870641491922155672100957489047662080.t.sol -vvvv > ./proxy_data/traces/sudoswap/Simulation-60087602321827355866306002885206396021547870641491922155672100957489047662080.log' returned non-zero exit status 1.
🧹 Removed empty directory test/generated/sudoswap
Warning: 文件./proxy_data/traces/sudoswap/Simulation-45174179287442544504618785867748981734078108870357515170453271252418519337728.log中只找到一个 Trace
Trace saved to ./proxy_data/traces/sudoswap/Simulation-45174179287442544504618785867748981734078108870357515170453271252418519337728.json
Warning: 文件./proxy_data/traces/sudoswap/Simulation-96470875712765118858248021049991370777926601921283599477409656196906183495142.log中只找到一个 Trace
Trace saved to ./proxy_data/traces/sudoswap/Simulation-96470875712765118858248021049991370777926601921283599477409656196906183495142.json
Warning: 文件./proxy_data/traces/sudoswap/Simulation-19122665304984261874322263462303911197783933501027713169650973570759380886372.log中只找到一个 Trace
Trace saved to ./proxy_data/traces/sudoswap/Simulation-19122665304984261874322263462303911197783933501027713169650973570759380886372.json
Warning: 文件./proxy_data/traces/sudoswap/Simulation-4380261610915227377778094108305481108679997502163829126221982873976172485599.log中只找到一个 Trace
Trace saved to ./proxy_data/traces/sudoswap/Simulation-4380261610915227377778094108305481108679997502163829126221982873976172485599.json
Warning: 文件./proxy_data/traces/sudoswap/Simulation-60087602321827355866306002885206396021547870641491922155672100957489047662080.log中只找到一个 Trace
Trace saved to ./proxy_data/traces/sudoswap/Simulation-60087602321827355866306002885206396021547870641491922155672100957489047662080.json
All traces processed successfully!
🔧 Processing karratco...
Error running forge command: Command 'forge test --match-path test/generated/karratco/Simulation-101277534257155361475273384949421929544559876328470912393989020133204932074278.t.sol -vvvv > ./proxy_data/traces/karratco/Simulation-101277534257155361475273384949421929544559876328470912393989020133204932074278.log' returned non-zero exit status 1.
Error running forge command: Command 'forge test --match-path test/generated/karratco/Simulation-12002564689770269623428049554655668790202955703912331742108877954709880149418.t.sol -vvvv > ./proxy_data/traces/karratco/Simulation-12002564689770269623428049554655668790202955703912331742108877954709880149418.log' returned non-zero exit status 1.
Error running forge command: Command 'forge test --match-path test/generated/karratco/Simulation-87408652050374642399550471985234797943112931039812841893927618845023028168518.t.sol -vvvv > ./proxy_data/traces/karratco/Simulation-87408652050374642399550471985234797943112931039812841893927618845023028168518.log' returned non-zero exit status 1.
Error running forge command: Command 'forge test --match-path test/generated/karratco/Simulation-45353332445331383259717958947817115864658951684247677544466684193771419042029.t.sol -vvvv > ./proxy_data/traces/karratco/Simulation-45353332445331383259717958947817115864658951684247677544466684193771419042029.log' returned non-zero exit status 1.
Error running forge command: Command 'forge test --match-path test/generated/karratco/Simulation-86688801169331961903901152795884970744101191989497597233377585787033091416667.t.sol -vvvv > ./proxy_data/traces/karratco/Simulation-86688801169331961903901152795884970744101191989497597233377585787033091416667.log' returned non-zero exit status 1.
🧹 Removed empty directory test/generated/karratco
Warning: 文件./proxy_data/traces/karratco/Simulation-87408652050374642399550471985234797943112931039812841893927618845023028168518.log中只找到一个 Trace
Trace saved to ./proxy_data/traces/karratco/Simulation-87408652050374642399550471985234797943112931039812841893927618845023028168518.json
Warning: 文件./proxy_data/traces/karratco/Simulation-86688801169331961903901152795884970744101191989497597233377585787033091416667.log中只找到一个 Trace
Trace saved to ./proxy_data/traces/karratco/Simulation-86688801169331961903901152795884970744101191989497597233377585787033091416667.json
Warning: 文件./proxy_data/traces/karratco/Simulation-12002564689770269623428049554655668790202955703912331742108877954709880149418.log中只找到一个 Trace
Trace saved to ./proxy_data/traces/karratco/Simulation-12002564689770269623428049554655668790202955703912331742108877954709880149418.json
Warning: 文件./proxy_data/traces/karratco/Simulation-45353332445331383259717958947817115864658951684247677544466684193771419042029.log中只找到一个 Trace
Trace saved to ./proxy_data/traces/karratco/Simulation-45353332445331383259717958947817115864658951684247677544466684193771419042029.json
Warning: 文件./proxy_data/traces/karratco/Simulation-101277534257155361475273384949421929544559876328470912393989020133204932074278.log中只找到一个 Trace
Trace saved to ./proxy_data/traces/karratco/Simulation-101277534257155361475273384949421929544559876328470912393989020133204932074278.json
All traces processed successfully!
🔧 Processing fluence...
Error running forge command: Command 'forge test --match-path test/generated/fluence/Simulation-41964559149888193453715915578282139274155009466248090354027296819001468767317.t.sol -vvvv > ./proxy_data/traces/fluence/Simulation-41964559149888193453715915578282139274155009466248090354027296819001468767317.log' returned non-zero exit status 1.
Error running forge command: Command 'forge test --match-path test/generated/fluence/Simulation-114268869080570490304026192994147475082223883561752115914394879312815894447934.t.sol -vvvv > ./proxy_data/traces/fluence/Simulation-114268869080570490304026192994147475082223883561752115914394879312815894447934.log' returned non-zero exit status 1.
Error running forge command: Command 'forge test --match-path test/generated/fluence/Simulation-79331957038755209404307947514541262950615621267616151436820251179024716115003.t.sol -vvvv > ./proxy_data/traces/fluence/Simulation-79331957038755209404307947514541262950615621267616151436820251179024716115003.log' returned non-zero exit status 1.
Error running forge command: Command 'forge test --match-path test/generated/fluence/Simulation-31326868864436678084141881168869910879216267918154169209474160570884967554543.t.sol -vvvv > ./proxy_data/traces/fluence/Simulation-31326868864436678084141881168869910879216267918154169209474160570884967554543.log' returned non-zero exit status 1.
Error running forge command: Command 'forge test --match-path test/generated/fluence/Simulation-22668913180680083944400131469124522026748675678182112630727046710115781107596.t.sol -vvvv > ./proxy_data/traces/fluence/Simulation-22668913180680083944400131469124522026748675678182112630727046710115781107596.log' returned non-zero exit status 1.
🧹 Removed empty directory test/generated/fluence
Warning: 文件./proxy_data/traces/fluence/Simulation-114268869080570490304026192994147475082223883561752115914394879312815894447934.log中只找到一个 Trace
Trace saved to ./proxy_data/traces/fluence/Simulation-114268869080570490304026192994147475082223883561752115914394879312815894447934.json
Warning: 文件./proxy_data/traces/fluence/Simulation-31326868864436678084141881168869910879216267918154169209474160570884967554543.log中只找到一个 Trace
Trace saved to ./proxy_data/traces/fluence/Simulation-31326868864436678084141881168869910879216267918154169209474160570884967554543.json
Warning: 文件./proxy_data/traces/fluence/Simulation-41964559149888193453715915578282139274155009466248090354027296819001468767317.log中只找到一个 Trace
Trace saved to ./proxy_data/traces/fluence/Simulation-41964559149888193453715915578282139274155009466248090354027296819001468767317.json
Warning: 文件./proxy_data/traces/fluence/Simulation-22668913180680083944400131469124522026748675678182112630727046710115781107596.log中只找到一个 Trace
Trace saved to ./proxy_data/traces/fluence/Simulation-22668913180680083944400131469124522026748675678182112630727046710115781107596.json
Warning: 文件./proxy_data/traces/fluence/Simulation-79331957038755209404307947514541262950615621267616151436820251179024716115003.log中只找到一个 Trace
Trace saved to ./proxy_data/traces/fluence/Simulation-79331957038755209404307947514541262950615621267616151436820251179024716115003.json
All traces processed successfully!
🔧 Processing old-idle-dao...
Error running forge command: Command 'forge test --match-path test/generated/old-idle-dao/Simulation-15.t.sol -vvvv > ./proxy_data/traces/old-idle-dao/Simulation-15.log' returned non-zero exit status 1.
Error running forge command: Command 'forge test --match-path test/generated/old-idle-dao/Simulation-17.t.sol -vvvv > ./proxy_data/traces/old-idle-dao/Simulation-17.log' returned non-zero exit status 1.
Error running forge command: Command 'forge test --match-path test/generated/old-idle-dao/Simulation-16.t.sol -vvvv > ./proxy_data/traces/old-idle-dao/Simulation-16.log' returned non-zero exit status 1.
Error running forge command: Command 'forge test --match-path test/generated/old-idle-dao/Simulation-18.t.sol -vvvv > ./proxy_data/traces/old-idle-dao/Simulation-18.log' returned non-zero exit status 1.
Error running forge command: Command 'forge test --match-path test/generated/old-idle-dao/Simulation-14.t.sol -vvvv > ./proxy_data/traces/old-idle-dao/Simulation-14.log' returned non-zero exit status 1.
🧹 Removed empty directory test/generated/old-idle-dao
Warning: 文件./proxy_data/traces/old-idle-dao/Simulation-18.log中只找到一个 Trace
Trace saved to ./proxy_data/traces/old-idle-dao/Simulation-18.json
Warning: 文件./proxy_data/traces/old-idle-dao/Simulation-14.log中只找到一个 Trace
Trace saved to ./proxy_data/traces/old-idle-dao/Simulation-14.json
Warning: 文件./proxy_data/traces/old-idle-dao/Simulation-17.log中只找到一个 Trace
Trace saved to ./proxy_data/traces/old-idle-dao/Simulation-17.json
Warning: 文件./proxy_data/traces/old-idle-dao/Simulation-15.log中只找到一个 Trace
Trace saved to ./proxy_data/traces/old-idle-dao/Simulation-15.json
Warning: 文件./proxy_data/traces/old-idle-dao/Simulation-16.log中只找到一个 Trace
Trace saved to ./proxy_data/traces/old-idle-dao/Simulation-16.json
All traces processed successfully!
🔧 Processing braintrust...
Error running forge command: Command 'forge test --match-path test/generated/braintrust/Simulation-4.t.sol -vvvv > ./proxy_data/traces/braintrust/Simulation-4.log' returned non-zero exit status 1.
Error running forge command: Command 'forge test --match-path test/generated/braintrust/Simulation-6.t.sol -vvvv > ./proxy_data/traces/braintrust/Simulation-6.log' returned non-zero exit status 1.
Error running forge command: Command 'forge test --match-path test/generated/braintrust/Simulation-3.t.sol -vvvv > ./proxy_data/traces/braintrust/Simulation-3.log' returned non-zero exit status 1.
Error running forge command: Command 'forge test --match-path test/generated/braintrust/Simulation-5.t.sol -vvvv > ./proxy_data/traces/braintrust/Simulation-5.log' returned non-zero exit status 1.
Error running forge command: Command 'forge test --match-path test/generated/braintrust/Simulation-7.t.sol -vvvv > ./proxy_data/traces/braintrust/Simulation-7.log' returned non-zero exit status 1.
🧹 Removed empty directory test/generated/braintrust
Warning: 文件./proxy_data/traces/braintrust/Simulation-6.log中只找到一个 Trace
Trace saved to ./proxy_data/traces/braintrust/Simulation-6.json
Warning: 文件./proxy_data/traces/braintrust/Simulation-5.log中只找到一个 Trace
Trace saved to ./proxy_data/traces/braintrust/Simulation-5.json
Warning: 文件./proxy_data/traces/braintrust/Simulation-3.log中只找到一个 Trace
Trace saved to ./proxy_data/traces/braintrust/Simulation-3.json
Warning: 文件./proxy_data/traces/braintrust/Simulation-7.log中只找到一个 Trace
Trace saved to ./proxy_data/traces/braintrust/Simulation-7.json
Warning: 文件./proxy_data/traces/braintrust/Simulation-4.log中只找到一个 Trace
Trace saved to ./proxy_data/traces/braintrust/Simulation-4.json
All traces processed successfully!
🔧 Processing indexed...
Error running forge command: Command 'forge test --match-path test/generated/indexed/Simulation-28.t.sol -vvvv > ./proxy_data/traces/indexed/Simulation-28.log' returned non-zero exit status 1.
Error running forge command: Command 'forge test --match-path test/generated/indexed/Simulation-26.t.sol -vvvv > ./proxy_data/traces/indexed/Simulation-26.log' returned non-zero exit status 1.
Error running forge command: Command 'forge test --match-path test/generated/indexed/Simulation-25.t.sol -vvvv > ./proxy_data/traces/indexed/Simulation-25.log' returned non-zero exit status 1.
Error running forge command: Command 'forge test --match-path test/generated/indexed/Simulation-27.t.sol -vvvv > ./proxy_data/traces/indexed/Simulation-27.log' returned non-zero exit status 1.
Error running forge command: Command 'forge test --match-path test/generated/indexed/Simulation-29.t.sol -vvvv > ./proxy_data/traces/indexed/Simulation-29.log' returned non-zero exit status 1.
🧹 Removed empty directory test/generated/indexed
Warning: 文件./proxy_data/traces/indexed/Simulation-25.log中只找到一个 Trace
Trace saved to ./proxy_data/traces/indexed/Simulation-25.json
Warning: 文件./proxy_data/traces/indexed/Simulation-29.log中只找到一个 Trace
Trace saved to ./proxy_data/traces/indexed/Simulation-29.json
Warning: 文件./proxy_data/traces/indexed/Simulation-28.log中只找到一个 Trace
Trace saved to ./proxy_data/traces/indexed/Simulation-28.json
Warning: 文件./proxy_data/traces/indexed/Simulation-27.log中只找到一个 Trace
Trace saved to ./proxy_data/traces/indexed/Simulation-27.json
Warning: 文件./proxy_data/traces/indexed/Simulation-26.log中只找到一个 Trace
Trace saved to ./proxy_data/traces/indexed/Simulation-26.json
All traces processed successfully!
🔧 Processing gitcoin...
Error running forge command: Command 'forge test --match-path test/generated/gitcoin/Simulation-5439536612829093937912655931103371047608013142850324150158885844951489661832.t.sol -vvvv > ./proxy_data/traces/gitcoin/Simulation-5439536612829093937912655931103371047608013142850324150158885844951489661832.log' returned non-zero exit status 1.
Error running forge command: Command 'forge test --match-path test/generated/gitcoin/Simulation-42131400951029541481048442097364639224689659286943854755170681178246078774463.t.sol -vvvv > ./proxy_data/traces/gitcoin/Simulation-42131400951029541481048442097364639224689659286943854755170681178246078774463.log' returned non-zero exit status 1.
Error running forge command: Command 'forge test --match-path test/generated/gitcoin/Simulation-108988307804034315231415885432719400721031490539119630109782735447784485014013.t.sol -vvvv > ./proxy_data/traces/gitcoin/Simulation-108988307804034315231415885432719400721031490539119630109782735447784485014013.log' returned non-zero exit status 1.
Error running forge command: Command 'forge test --match-path test/generated/gitcoin/Simulation-17479554285430824235935339015686957231675135320692618616781702573982249581366.t.sol -vvvv > ./proxy_data/traces/gitcoin/Simulation-17479554285430824235935339015686957231675135320692618616781702573982249581366.log' returned non-zero exit status 1.
Traces saved to ./proxy_data/traces/gitcoin/Simulation-12758623331512311890772944556456769209556902913300144815701629851416592697589.log
🧹 Removed empty directory test/generated/gitcoin
Warning: 文件./proxy_data/traces/gitcoin/Simulation-12758623331512311890772944556456769209556902913300144815701629851416592697589.log中只找到一个 Trace
Trace saved to ./proxy_data/traces/gitcoin/Simulation-12758623331512311890772944556456769209556902913300144815701629851416592697589.json
Warning: 文件./proxy_data/traces/gitcoin/Simulation-42131400951029541481048442097364639224689659286943854755170681178246078774463.log中只找到一个 Trace
Trace saved to ./proxy_data/traces/gitcoin/Simulation-42131400951029541481048442097364639224689659286943854755170681178246078774463.json
Warning: 文件./proxy_data/traces/gitcoin/Simulation-17479554285430824235935339015686957231675135320692618616781702573982249581366.log中只找到一个 Trace
Trace saved to ./proxy_data/traces/gitcoin/Simulation-17479554285430824235935339015686957231675135320692618616781702573982249581366.json
Warning: 文件./proxy_data/traces/gitcoin/Simulation-108988307804034315231415885432719400721031490539119630109782735447784485014013.log中只找到一个 Trace
Trace saved to ./proxy_data/traces/gitcoin/Simulation-108988307804034315231415885432719400721031490539119630109782735447784485014013.json
Warning: 文件./proxy_data/traces/gitcoin/Simulation-5439536612829093937912655931103371047608013142850324150158885844951489661832.log中只找到一个 Trace
Trace saved to ./proxy_data/traces/gitcoin/Simulation-5439536612829093937912655931103371047608013142850324150158885844951489661832.json
All traces processed successfully!
🔧 Processing ampleforth...
🧹 Removed empty directory test/generated/ampleforth
⚠️ No output trace for ampleforth, skipped formatting.
🔧 Processing pooltogether...
Error running forge command: Command 'forge test --match-path test/generated/pooltogether/Simulation-79.t.sol -vvvv > ./proxy_data/traces/pooltogether/Simulation-79.log' returned non-zero exit status 1.
Error running forge command: Command 'forge test --match-path test/generated/pooltogether/Simulation-77.t.sol -vvvv > ./proxy_data/traces/pooltogether/Simulation-77.log' returned non-zero exit status 1.
Error running forge command: Command 'forge test --match-path test/generated/pooltogether/Simulation-75.t.sol -vvvv > ./proxy_data/traces/pooltogether/Simulation-75.log' returned non-zero exit status 1.
Error running forge command: Command 'forge test --match-path test/generated/pooltogether/Simulation-76.t.sol -vvvv > ./proxy_data/traces/pooltogether/Simulation-76.log' returned non-zero exit status 1.
Error running forge command: Command 'forge test --match-path test/generated/pooltogether/Simulation-78.t.sol -vvvv > ./proxy_data/traces/pooltogether/Simulation-78.log' returned non-zero exit status 1.
🧹 Removed empty directory test/generated/pooltogether
Warning: 文件./proxy_data/traces/pooltogether/Simulation-76.log中只找到一个 Trace
Trace saved to ./proxy_data/traces/pooltogether/Simulation-76.json
Warning: 文件./proxy_data/traces/pooltogether/Simulation-77.log中只找到一个 Trace
Trace saved to ./proxy_data/traces/pooltogether/Simulation-77.json
Warning: 文件./proxy_data/traces/pooltogether/Simulation-78.log中只找到一个 Trace
Trace saved to ./proxy_data/traces/pooltogether/Simulation-78.json
Warning: 文件./proxy_data/traces/pooltogether/Simulation-75.log中只找到一个 Trace
Trace saved to ./proxy_data/traces/pooltogether/Simulation-75.json
Warning: 文件./proxy_data/traces/pooltogether/Simulation-79.log中只找到一个 Trace
Trace saved to ./proxy_data/traces/pooltogether/Simulation-79.json
All traces processed successfully!
🔧 Processing spectral...
Error running forge command: Command 'forge test --match-path test/generated/spectral/Simulation-29944479942108412173394168847771791709390232116040112075779633218579459371092.t.sol -vvvv > ./proxy_data/traces/spectral/Simulation-29944479942108412173394168847771791709390232116040112075779633218579459371092.log' returned non-zero exit status 1.
Error running forge command: Command 'forge test --match-path test/generated/spectral/Simulation-54650510985124581625953689503985159556524612985151246721311794571686391212430.t.sol -vvvv > ./proxy_data/traces/spectral/Simulation-54650510985124581625953689503985159556524612985151246721311794571686391212430.log' returned non-zero exit status 1.
Error running forge command: Command 'forge test --match-path test/generated/spectral/Simulation-82459980166282733124842137547752020204808068160382586636752806191982122507586.t.sol -vvvv > ./proxy_data/traces/spectral/Simulation-82459980166282733124842137547752020204808068160382586636752806191982122507586.log' returned non-zero exit status 1.
Error running forge command: Command 'forge test --match-path test/generated/spectral/Simulation-1581408642570649023564349533055109060840393287598680649568649923541138962973.t.sol -vvvv > ./proxy_data/traces/spectral/Simulation-1581408642570649023564349533055109060840393287598680649568649923541138962973.log' returned non-zero exit status 1.
🧹 Removed empty directory test/generated/spectral
Warning: 文件./proxy_data/traces/spectral/Simulation-29944479942108412173394168847771791709390232116040112075779633218579459371092.log中只找到一个 Trace
Trace saved to ./proxy_data/traces/spectral/Simulation-29944479942108412173394168847771791709390232116040112075779633218579459371092.json
Warning: 文件./proxy_data/traces/spectral/Simulation-82459980166282733124842137547752020204808068160382586636752806191982122507586.log中只找到一个 Trace
Trace saved to ./proxy_data/traces/spectral/Simulation-82459980166282733124842137547752020204808068160382586636752806191982122507586.json
Warning: 文件./proxy_data/traces/spectral/Simulation-54650510985124581625953689503985159556524612985151246721311794571686391212430.log中只找到一个 Trace
Trace saved to ./proxy_data/traces/spectral/Simulation-54650510985124581625953689503985159556524612985151246721311794571686391212430.json
Warning: 文件./proxy_data/traces/spectral/Simulation-1581408642570649023564349533055109060840393287598680649568649923541138962973.log中只找到一个 Trace
Trace saved to ./proxy_data/traces/spectral/Simulation-1581408642570649023564349533055109060840393287598680649568649923541138962973.json
All traces processed successfully!
🔧 Processing unlock...
Error running forge command: Command 'forge test --match-path test/generated/unlock/Simulation-76688601077319202617928482007581560871350473256964654420613522574902972668382.t.sol -vvvv > ./proxy_data/traces/unlock/Simulation-76688601077319202617928482007581560871350473256964654420613522574902972668382.log' returned non-zero exit status 1.
Error running forge command: Command 'forge test --match-path test/generated/unlock/Simulation-78513905478242528281895555913880974766531866643895478742865228252885348708673.t.sol -vvvv > ./proxy_data/traces/unlock/Simulation-78513905478242528281895555913880974766531866643895478742865228252885348708673.log' returned non-zero exit status 1.
Error running forge command: Command 'forge test --match-path test/generated/unlock/Simulation-20336241182098026652585051978845293434740981373494847384914076406100578469859.t.sol -vvvv > ./proxy_data/traces/unlock/Simulation-20336241182098026652585051978845293434740981373494847384914076406100578469859.log' returned non-zero exit status 1.
Error running forge command: Command 'forge test --match-path test/generated/unlock/Simulation-36208249270120864100503453462134662510103434369621143761091232235939585571890.t.sol -vvvv > ./proxy_data/traces/unlock/Simulation-36208249270120864100503453462134662510103434369621143761091232235939585571890.log' returned non-zero exit status 1.
Error running forge command: Command 'forge test --match-path test/generated/unlock/Simulation-45330117124295489792745239697018494340933192082823878144119614886851479533617.t.sol -vvvv > ./proxy_data/traces/unlock/Simulation-45330117124295489792745239697018494340933192082823878144119614886851479533617.log' returned non-zero exit status 1.
🧹 Removed empty directory test/generated/unlock
Warning: 文件./proxy_data/traces/unlock/Simulation-45330117124295489792745239697018494340933192082823878144119614886851479533617.log中只找到一个 Trace
Trace saved to ./proxy_data/traces/unlock/Simulation-45330117124295489792745239697018494340933192082823878144119614886851479533617.json
Warning: 文件./proxy_data/traces/unlock/Simulation-76688601077319202617928482007581560871350473256964654420613522574902972668382.log中只找到一个 Trace
Trace saved to ./proxy_data/traces/unlock/Simulation-76688601077319202617928482007581560871350473256964654420613522574902972668382.json
Warning: 文件./proxy_data/traces/unlock/Simulation-20336241182098026652585051978845293434740981373494847384914076406100578469859.log中只找到一个 Trace
Trace saved to ./proxy_data/traces/unlock/Simulation-20336241182098026652585051978845293434740981373494847384914076406100578469859.json
Warning: 文件./proxy_data/traces/unlock/Simulation-36208249270120864100503453462134662510103434369621143761091232235939585571890.log中只找到一个 Trace
Trace saved to ./proxy_data/traces/unlock/Simulation-36208249270120864100503453462134662510103434369621143761091232235939585571890.json
Warning: 文件./proxy_data/traces/unlock/Simulation-78513905478242528281895555913880974766531866643895478742865228252885348708673.log中只找到一个 Trace
Trace saved to ./proxy_data/traces/unlock/Simulation-78513905478242528281895555913880974766531866643895478742865228252885348708673.json
All traces processed successfully!
🔧 Processing inverse...
Error running forge command: Command 'forge test --match-path test/generated/inverse/Simulation-28.t.sol -vvvv > ./proxy_data/traces/inverse/Simulation-28.log' returned non-zero exit status 1.
Error running forge command: Command 'forge test --match-path test/generated/inverse/Simulation-26.t.sol -vvvv > ./proxy_data/traces/inverse/Simulation-26.log' returned non-zero exit status 1.
Error running forge command: Command 'forge test --match-path test/generated/inverse/Simulation-25.t.sol -vvvv > ./proxy_data/traces/inverse/Simulation-25.log' returned non-zero exit status 1.
Error running forge command: Command 'forge test --match-path test/generated/inverse/Simulation-27.t.sol -vvvv > ./proxy_data/traces/inverse/Simulation-27.log' returned non-zero exit status 1.
Error running forge command: Command 'forge test --match-path test/generated/inverse/Simulation-29.t.sol -vvvv > ./proxy_data/traces/inverse/Simulation-29.log' returned non-zero exit status 1.
🧹 Removed empty directory test/generated/inverse
Warning: 文件./proxy_data/traces/inverse/Simulation-25.log中只找到一个 Trace
Trace saved to ./proxy_data/traces/inverse/Simulation-25.json
Warning: 文件./proxy_data/traces/inverse/Simulation-29.log中只找到一个 Trace
Trace saved to ./proxy_data/traces/inverse/Simulation-29.json
Warning: 文件./proxy_data/traces/inverse/Simulation-28.log中只找到一个 Trace
Trace saved to ./proxy_data/traces/inverse/Simulation-28.json
Warning: 文件./proxy_data/traces/inverse/Simulation-27.log中只找到一个 Trace
Trace saved to ./proxy_data/traces/inverse/Simulation-27.json
Warning: 文件./proxy_data/traces/inverse/Simulation-26.log中只找到一个 Trace
Trace saved to ./proxy_data/traces/inverse/Simulation-26.json
All traces processed successfully!
🔧 Processing cryptex...
Error running forge command: Command 'forge test --match-path test/generated/cryptex/Simulation-30.t.sol -vvvv > ./proxy_data/traces/cryptex/Simulation-30.log' returned non-zero exit status 1.
Error running forge command: Command 'forge test --match-path test/generated/cryptex/Simulation-31.t.sol -vvvv > ./proxy_data/traces/cryptex/Simulation-31.log' returned non-zero exit status 1.
Error running forge command: Command 'forge test --match-path test/generated/cryptex/Simulation-33.t.sol -vvvv > ./proxy_data/traces/cryptex/Simulation-33.log' returned non-zero exit status 1.
Error running forge command: Command 'forge test --match-path test/generated/cryptex/Simulation-34.t.sol -vvvv > ./proxy_data/traces/cryptex/Simulation-34.log' returned non-zero exit status 1.
Error running forge command: Command 'forge test --match-path test/generated/cryptex/Simulation-32.t.sol -vvvv > ./proxy_data/traces/cryptex/Simulation-32.log' returned non-zero exit status 1.
🧹 Removed empty directory test/generated/cryptex
Warning: 文件./proxy_data/traces/cryptex/Simulation-34.log中只找到一个 Trace
Trace saved to ./proxy_data/traces/cryptex/Simulation-34.json
Warning: 文件./proxy_data/traces/cryptex/Simulation-32.log中只找到一个 Trace
Trace saved to ./proxy_data/traces/cryptex/Simulation-32.json
Warning: 文件./proxy_data/traces/cryptex/Simulation-33.log中只找到一个 Trace
Trace saved to ./proxy_data/traces/cryptex/Simulation-33.json
Warning: 文件./proxy_data/traces/cryptex/Simulation-30.log中只找到一个 Trace
Trace saved to ./proxy_data/traces/cryptex/Simulation-30.json
Warning: 文件./proxy_data/traces/cryptex/Simulation-31.log中只找到一个 Trace
Trace saved to ./proxy_data/traces/cryptex/Simulation-31.json
All traces processed successfully!
🔧 Processing sector-3...
Error running forge command: Command 'forge test --match-path test/generated/sector-3/Simulation-93992875151817433442197912599179947567890076085931349905930103967978100048292.t.sol -vvvv > ./proxy_data/traces/sector-3/Simulation-93992875151817433442197912599179947567890076085931349905930103967978100048292.log' returned non-zero exit status 1.
Error running forge command: Command 'forge test --match-path test/generated/sector-3/Simulation-55433321711151950332172748595546412657592974300247242989657826017701662227660.t.sol -vvvv > ./proxy_data/traces/sector-3/Simulation-55433321711151950332172748595546412657592974300247242989657826017701662227660.log' returned non-zero exit status 1.
Error running forge command: Command 'forge test --match-path test/generated/sector-3/Simulation-76163227102829400813905636249925382285747891719849601732821246533951559697126.t.sol -vvvv > ./proxy_data/traces/sector-3/Simulation-76163227102829400813905636249925382285747891719849601732821246533951559697126.log' returned non-zero exit status 1.
Error running forge command: Command 'forge test --match-path test/generated/sector-3/Simulation-51845057802750316875650435350175097645427762699140092894081069377323833089043.t.sol -vvvv > ./proxy_data/traces/sector-3/Simulation-51845057802750316875650435350175097645427762699140092894081069377323833089043.log' returned non-zero exit status 1.
Error running forge command: Command 'forge test --match-path test/generated/sector-3/Simulation-82712397401774405129218414647922116462029215948156427463760373342177791927957.t.sol -vvvv > ./proxy_data/traces/sector-3/Simulation-82712397401774405129218414647922116462029215948156427463760373342177791927957.log' returned non-zero exit status 1.
🧹 Removed empty directory test/generated/sector-3
Warning: 文件./proxy_data/traces/sector-3/Simulation-93992875151817433442197912599179947567890076085931349905930103967978100048292.log中只找到一个 Trace
Trace saved to ./proxy_data/traces/sector-3/Simulation-93992875151817433442197912599179947567890076085931349905930103967978100048292.json
Warning: 文件./proxy_data/traces/sector-3/Simulation-55433321711151950332172748595546412657592974300247242989657826017701662227660.log中只找到一个 Trace
Trace saved to ./proxy_data/traces/sector-3/Simulation-55433321711151950332172748595546412657592974300247242989657826017701662227660.json
Warning: 文件./proxy_data/traces/sector-3/Simulation-82712397401774405129218414647922116462029215948156427463760373342177791927957.log中只找到一个 Trace
Trace saved to ./proxy_data/traces/sector-3/Simulation-82712397401774405129218414647922116462029215948156427463760373342177791927957.json
Warning: 文件./proxy_data/traces/sector-3/Simulation-76163227102829400813905636249925382285747891719849601732821246533951559697126.log中只找到一个 Trace
Trace saved to ./proxy_data/traces/sector-3/Simulation-76163227102829400813905636249925382285747891719849601732821246533951559697126.json
Warning: 文件./proxy_data/traces/sector-3/Simulation-51845057802750316875650435350175097645427762699140092894081069377323833089043.log中只找到一个 Trace
Trace saved to ./proxy_data/traces/sector-3/Simulation-51845057802750316875650435350175097645427762699140092894081069377323833089043.json
All traces processed successfully!
🔧 Processing electronic-dollar...
Error running forge command: Command 'forge test --match-path test/generated/electronic-dollar/Simulation-73705038933451099610200591342692665968704254353029382529862739673521238726018.t.sol -vvvv > ./proxy_data/traces/electronic-dollar/Simulation-73705038933451099610200591342692665968704254353029382529862739673521238726018.log' returned non-zero exit status 1.
Error running forge command: Command 'forge test --match-path test/generated/electronic-dollar/Simulation-84013999114211651083886802889501217056607481369823717462033802424606122383108.t.sol -vvvv > ./proxy_data/traces/electronic-dollar/Simulation-84013999114211651083886802889501217056607481369823717462033802424606122383108.log' returned non-zero exit status 1.
Error running forge command: Command 'forge test --match-path test/generated/electronic-dollar/Simulation-85716646151750373278325467325499722173206385769749535778487122218269456582151.t.sol -vvvv > ./proxy_data/traces/electronic-dollar/Simulation-85716646151750373278325467325499722173206385769749535778487122218269456582151.log' returned non-zero exit status 1.
Error running forge command: Command 'forge test --match-path test/generated/electronic-dollar/Simulation-53421524239937274073155837789310004499986483106372105036724832691451632882268.t.sol -vvvv > ./proxy_data/traces/electronic-dollar/Simulation-53421524239937274073155837789310004499986483106372105036724832691451632882268.log' returned non-zero exit status 1.
Error running forge command: Command 'forge test --match-path test/generated/electronic-dollar/Simulation-114052081659629247617665835769035094910371266951213483500173240902265689564540.t.sol -vvvv > ./proxy_data/traces/electronic-dollar/Simulation-114052081659629247617665835769035094910371266951213483500173240902265689564540.log' returned non-zero exit status 1.
🧹 Removed empty directory test/generated/electronic-dollar
Warning: 文件./proxy_data/traces/electronic-dollar/Simulation-73705038933451099610200591342692665968704254353029382529862739673521238726018.log中只找到一个 Trace
Trace saved to ./proxy_data/traces/electronic-dollar/Simulation-73705038933451099610200591342692665968704254353029382529862739673521238726018.json
Warning: 文件./proxy_data/traces/electronic-dollar/Simulation-53421524239937274073155837789310004499986483106372105036724832691451632882268.log中只找到一个 Trace
Trace saved to ./proxy_data/traces/electronic-dollar/Simulation-53421524239937274073155837789310004499986483106372105036724832691451632882268.json
Warning: 文件./proxy_data/traces/electronic-dollar/Simulation-85716646151750373278325467325499722173206385769749535778487122218269456582151.log中只找到一个 Trace
Trace saved to ./proxy_data/traces/electronic-dollar/Simulation-85716646151750373278325467325499722173206385769749535778487122218269456582151.json
Warning: 文件./proxy_data/traces/electronic-dollar/Simulation-114052081659629247617665835769035094910371266951213483500173240902265689564540.log中只找到一个 Trace
Trace saved to ./proxy_data/traces/electronic-dollar/Simulation-114052081659629247617665835769035094910371266951213483500173240902265689564540.json
Warning: 文件./proxy_data/traces/electronic-dollar/Simulation-84013999114211651083886802889501217056607481369823717462033802424606122383108.log中只找到一个 Trace
Trace saved to ./proxy_data/traces/electronic-dollar/Simulation-84013999114211651083886802889501217056607481369823717462033802424606122383108.json
All traces processed successfully!
🔧 Processing fric-7...
🧹 Removed empty directory test/generated/fric-7
⚠️ No output trace for fric-7, skipped formatting.
🔧 Processing emptyset...
Error running forge command: Command 'forge test --match-path test/generated/emptyset/Simulation-4.t.sol -vvvv > ./proxy_data/traces/emptyset/Simulation-4.log' returned non-zero exit status 1.
Error running forge command: Command 'forge test --match-path test/generated/emptyset/Simulation-6.t.sol -vvvv > ./proxy_data/traces/emptyset/Simulation-6.log' returned non-zero exit status 1.
Error running forge command: Command 'forge test --match-path test/generated/emptyset/Simulation-5.t.sol -vvvv > ./proxy_data/traces/emptyset/Simulation-5.log' returned non-zero exit status 1.
Error running forge command: Command 'forge test --match-path test/generated/emptyset/Simulation-8.t.sol -vvvv > ./proxy_data/traces/emptyset/Simulation-8.log' returned non-zero exit status 1.
Error running forge command: Command 'forge test --match-path test/generated/emptyset/Simulation-7.t.sol -vvvv > ./proxy_data/traces/emptyset/Simulation-7.log' returned non-zero exit status 1.
🧹 Removed empty directory test/generated/emptyset
Warning: 文件./proxy_data/traces/emptyset/Simulation-6.log中只找到一个 Trace
Trace saved to ./proxy_data/traces/emptyset/Simulation-6.json
Warning: 文件./proxy_data/traces/emptyset/Simulation-5.log中只找到一个 Trace
Trace saved to ./proxy_data/traces/emptyset/Simulation-5.json
Warning: 文件./proxy_data/traces/emptyset/Simulation-7.log中只找到一个 Trace
Trace saved to ./proxy_data/traces/emptyset/Simulation-7.json
Warning: 文件./proxy_data/traces/emptyset/Simulation-8.log中只找到一个 Trace
Trace saved to ./proxy_data/traces/emptyset/Simulation-8.json
Warning: 文件./proxy_data/traces/emptyset/Simulation-4.log中只找到一个 Trace
Trace saved to ./proxy_data/traces/emptyset/Simulation-4.json
All traces processed successfully!
🔧 Processing uxd-ethereum-council...
Traces saved to ./proxy_data/traces/uxd-ethereum-council/Simulation-33187703285764436369633611228147028307254536587188973001055506175708742633032.log
Traces saved to ./proxy_data/traces/uxd-ethereum-council/Simulation-59615072742306331937620792160997376229810321296750929822831513829320007341415.log
Traces saved to ./proxy_data/traces/uxd-ethereum-council/Simulation-98886461403735626036585128270174171793504644168819487553437882638769333968826.log
🧹 Removed empty directory test/generated/uxd-ethereum-council
Warning: 文件./proxy_data/traces/uxd-ethereum-council/Simulation-59615072742306331937620792160997376229810321296750929822831513829320007341415.log中只找到一个 Trace
Trace saved to ./proxy_data/traces/uxd-ethereum-council/Simulation-59615072742306331937620792160997376229810321296750929822831513829320007341415.json
Warning: 文件./proxy_data/traces/uxd-ethereum-council/Simulation-33187703285764436369633611228147028307254536587188973001055506175708742633032.log中只找到一个 Trace
Trace saved to ./proxy_data/traces/uxd-ethereum-council/Simulation-33187703285764436369633611228147028307254536587188973001055506175708742633032.json
Warning: 文件./proxy_data/traces/uxd-ethereum-council/Simulation-98886461403735626036585128270174171793504644168819487553437882638769333968826.log中只找到一个 Trace
Trace saved to ./proxy_data/traces/uxd-ethereum-council/Simulation-98886461403735626036585128270174171793504644168819487553437882638769333968826.json
All traces processed successfully!
🔧 Processing dreambyt3...
Traces saved to ./proxy_data/traces/dreambyt3/Simulation-35452190233730000810262617407916261254435850411126794233897348659058575963035.log
Traces saved to ./proxy_data/traces/dreambyt3/Simulation-29718705531411489210251221986959811327070150355430697676335143609943898241529.log
🧹 Removed empty directory test/generated/dreambyt3
Warning: 文件./proxy_data/traces/dreambyt3/Simulation-35452190233730000810262617407916261254435850411126794233897348659058575963035.log中只找到一个 Trace
Trace saved to ./proxy_data/traces/dreambyt3/Simulation-35452190233730000810262617407916261254435850411126794233897348659058575963035.json
Warning: 文件./proxy_data/traces/dreambyt3/Simulation-29718705531411489210251221986959811327070150355430697676335143609943898241529.log中只找到一个 Trace
Trace saved to ./proxy_data/traces/dreambyt3/Simulation-29718705531411489210251221986959811327070150355430697676335143609943898241529.json
All traces processed successfully!
🔧 Processing joseon-gov-dao...
Traces saved to ./proxy_data/traces/joseon-gov-dao/Simulation-58763766764763192312506873792499739833161004604739485789990169639940825566449.log
Traces saved to ./proxy_data/traces/joseon-gov-dao/Simulation-75353499154839237914982524568397566786606114860761439954542139792965519151951.log
Traces saved to ./proxy_data/traces/joseon-gov-dao/Simulation-71483543333993640885495495003884929616154899834705741986360257305460087302438.log
Traces saved to ./proxy_data/traces/joseon-gov-dao/Simulation-104546650733952911058129319183668887149266555213453522582429252369846038045337.log
Traces saved to ./proxy_data/traces/joseon-gov-dao/Simulation-54139330522163696008835593797210785865347438947539236377576927515746052767334.log
🧹 Removed empty directory test/generated/joseon-gov-dao
Warning: 文件./proxy_data/traces/joseon-gov-dao/Simulation-71483543333993640885495495003884929616154899834705741986360257305460087302438.log中只找到一个 Trace
Trace saved to ./proxy_data/traces/joseon-gov-dao/Simulation-71483543333993640885495495003884929616154899834705741986360257305460087302438.json
Warning: 文件./proxy_data/traces/joseon-gov-dao/Simulation-58763766764763192312506873792499739833161004604739485789990169639940825566449.log中只找到一个 Trace
Trace saved to ./proxy_data/traces/joseon-gov-dao/Simulation-58763766764763192312506873792499739833161004604739485789990169639940825566449.json
Warning: 文件./proxy_data/traces/joseon-gov-dao/Simulation-54139330522163696008835593797210785865347438947539236377576927515746052767334.log中只找到一个 Trace
Trace saved to ./proxy_data/traces/joseon-gov-dao/Simulation-54139330522163696008835593797210785865347438947539236377576927515746052767334.json
Warning: 文件./proxy_data/traces/joseon-gov-dao/Simulation-75353499154839237914982524568397566786606114860761439954542139792965519151951.log中只找到一个 Trace
Trace saved to ./proxy_data/traces/joseon-gov-dao/Simulation-75353499154839237914982524568397566786606114860761439954542139792965519151951.json
Warning: 文件./proxy_data/traces/joseon-gov-dao/Simulation-104546650733952911058129319183668887149266555213453522582429252369846038045337.log中只找到一个 Trace
Trace saved to ./proxy_data/traces/joseon-gov-dao/Simulation-104546650733952911058129319183668887149266555213453522582429252369846038045337.json
All traces processed successfully!
🔧 Processing frictionless-2-0-0-4...
Traces saved to ./proxy_data/traces/frictionless-2-0-0-4/Simulation-2158327371934315115129882304130276552223203059393723450134944264150738314253.log
Error running forge command: Command 'forge test --match-path test/generated/frictionless-2-0-0-4/Simulation-31576330629067147139573627578704430104477300376769875296967557547498601951371.t.sol -vvvv > ./proxy_data/traces/frictionless-2-0-0-4/Simulation-31576330629067147139573627578704430104477300376769875296967557547498601951371.log' returned non-zero exit status 1.
🧹 Removed empty directory test/generated/frictionless-2-0-0-4
Warning: 文件./proxy_data/traces/frictionless-2-0-0-4/Simulation-2158327371934315115129882304130276552223203059393723450134944264150738314253.log中只找到一个 Trace
Trace saved to ./proxy_data/traces/frictionless-2-0-0-4/Simulation-2158327371934315115129882304130276552223203059393723450134944264150738314253.json
Warning: 文件./proxy_data/traces/frictionless-2-0-0-4/Simulation-31576330629067147139573627578704430104477300376769875296967557547498601951371.log中只找到一个 Trace
Trace saved to ./proxy_data/traces/frictionless-2-0-0-4/Simulation-31576330629067147139573627578704430104477300376769875296967557547498601951371.json
All traces processed successfully!
🔧 Processing qbi-1...
Error running forge command: Command 'forge test --match-path test/generated/qbi-1/Simulation-69439347011225629760721279946280677012146411114490422871389768133094557048570.t.sol -vvvv > ./proxy_data/traces/qbi-1/Simulation-69439347011225629760721279946280677012146411114490422871389768133094557048570.log' returned non-zero exit status 1.
Error running forge command: Command 'forge test --match-path test/generated/qbi-1/Simulation-77628197058894787884516019490688911787132257081425667444316259655049139482015.t.sol -vvvv > ./proxy_data/traces/qbi-1/Simulation-77628197058894787884516019490688911787132257081425667444316259655049139482015.log' returned non-zero exit status 1.
🧹 Removed empty directory test/generated/qbi-1
Warning: 文件./proxy_data/traces/qbi-1/Simulation-69439347011225629760721279946280677012146411114490422871389768133094557048570.log中只找到一个 Trace
Trace saved to ./proxy_data/traces/qbi-1/Simulation-69439347011225629760721279946280677012146411114490422871389768133094557048570.json
Warning: 文件./proxy_data/traces/qbi-1/Simulation-77628197058894787884516019490688911787132257081425667444316259655049139482015.log中只找到一个 Trace
Trace saved to ./proxy_data/traces/qbi-1/Simulation-77628197058894787884516019490688911787132257081425667444316259655049139482015.json
All traces processed successfully!
🔧 Processing frictonless-5...
Error running forge command: Command 'forge test --match-path test/generated/frictonless-5/Simulation-2732550867800070711421291537042621276820502660864281815936359023156857897769.t.sol -vvvv > ./proxy_data/traces/frictonless-5/Simulation-2732550867800070711421291537042621276820502660864281815936359023156857897769.log' returned non-zero exit status 1.
Traces saved to ./proxy_data/traces/frictonless-5/Simulation-50318277123494425659824352076571703054551790696380678841348052025808811188450.log
Traces saved to ./proxy_data/traces/frictonless-5/Simulation-97999149656932966395277697974468134890864178387329481318468888900129069042449.log
🧹 Removed empty directory test/generated/frictonless-5
Warning: 文件./proxy_data/traces/frictonless-5/Simulation-50318277123494425659824352076571703054551790696380678841348052025808811188450.log中只找到一个 Trace
Trace saved to ./proxy_data/traces/frictonless-5/Simulation-50318277123494425659824352076571703054551790696380678841348052025808811188450.json
Warning: 文件./proxy_data/traces/frictonless-5/Simulation-97999149656932966395277697974468134890864178387329481318468888900129069042449.log中只找到一个 Trace
Trace saved to ./proxy_data/traces/frictonless-5/Simulation-97999149656932966395277697974468134890864178387329481318468888900129069042449.json
Warning: 文件./proxy_data/traces/frictonless-5/Simulation-2732550867800070711421291537042621276820502660864281815936359023156857897769.log中只找到一个 Trace
Trace saved to ./proxy_data/traces/frictonless-5/Simulation-2732550867800070711421291537042621276820502660864281815936359023156857897769.json
All traces processed successfully!
🔧 Processing q-dao-1440...
Error running forge command: Command 'forge test --match-path test/generated/q-dao-1440/Simulation-81652562676177522763108060557018947050745860511301181854985846955186648841204.t.sol -vvvv > ./proxy_data/traces/q-dao-1440/Simulation-81652562676177522763108060557018947050745860511301181854985846955186648841204.log' returned non-zero exit status 1.
🧹 Removed empty directory test/generated/q-dao-1440
Warning: 文件./proxy_data/traces/q-dao-1440/Simulation-81652562676177522763108060557018947050745860511301181854985846955186648841204.log中只找到一个 Trace
Trace saved to ./proxy_data/traces/q-dao-1440/Simulation-81652562676177522763108060557018947050745860511301181854985846955186648841204.json
All traces processed successfully!
🔧 Processing nouns-fork...
Traces saved to ./proxy_data/traces/nouns-fork/Simulation-1.log
Traces saved to ./proxy_data/traces/nouns-fork/Simulation-2.log
🧹 Removed empty directory test/generated/nouns-fork
Warning: 文件./proxy_data/traces/nouns-fork/Simulation-2.log中只找到一个 Trace
Trace saved to ./proxy_data/traces/nouns-fork/Simulation-2.json
Warning: 文件./proxy_data/traces/nouns-fork/Simulation-1.log中只找到一个 Trace
Trace saved to ./proxy_data/traces/nouns-fork/Simulation-1.json
All traces processed successfully!
🔧 Processing kroma-security-council-l1...
Traces saved to ./proxy_data/traces/kroma-security-council-l1/Simulation-34720757488435722877136955178337883629092634938535616070843830097535281631326.log
Traces saved to ./proxy_data/traces/kroma-security-council-l1/Simulation-69211440662575870413463173110720189218865229390976070486242793739154290096523.log
Traces saved to ./proxy_data/traces/kroma-security-council-l1/Simulation-111958584110631001628230229008816068426656704641631938464874456535496323166842.log
Traces saved to ./proxy_data/traces/kroma-security-council-l1/Simulation-66631325751536858953768363779029121608464432371250473510825789186340783371212.log
Traces saved to ./proxy_data/traces/kroma-security-council-l1/Simulation-112719050192927604792388968347771752196171121567482095462144884044328166083122.log
🧹 Removed empty directory test/generated/kroma-security-council-l1
Warning: 文件./proxy_data/traces/kroma-security-council-l1/Simulation-112719050192927604792388968347771752196171121567482095462144884044328166083122.log中只找到一个 Trace
Trace saved to ./proxy_data/traces/kroma-security-council-l1/Simulation-112719050192927604792388968347771752196171121567482095462144884044328166083122.json
Warning: 文件./proxy_data/traces/kroma-security-council-l1/Simulation-69211440662575870413463173110720189218865229390976070486242793739154290096523.log中只找到一个 Trace
Trace saved to ./proxy_data/traces/kroma-security-council-l1/Simulation-69211440662575870413463173110720189218865229390976070486242793739154290096523.json
Warning: 文件./proxy_data/traces/kroma-security-council-l1/Simulation-34720757488435722877136955178337883629092634938535616070843830097535281631326.log中只找到一个 Trace
Trace saved to ./proxy_data/traces/kroma-security-council-l1/Simulation-34720757488435722877136955178337883629092634938535616070843830097535281631326.json
Warning: 文件./proxy_data/traces/kroma-security-council-l1/Simulation-66631325751536858953768363779029121608464432371250473510825789186340783371212.log中只找到一个 Trace
Trace saved to ./proxy_data/traces/kroma-security-council-l1/Simulation-66631325751536858953768363779029121608464432371250473510825789186340783371212.json
Warning: 文件./proxy_data/traces/kroma-security-council-l1/Simulation-111958584110631001628230229008816068426656704641631938464874456535496323166842.log中只找到一个 Trace
Trace saved to ./proxy_data/traces/kroma-security-council-l1/Simulation-111958584110631001628230229008816068426656704641631938464874456535496323166842.json
All traces processed successfully!
🔧 Processing flux-test...
Error running forge command: Command 'forge test --match-path test/generated/flux-test/Simulation-12.t.sol -vvvv > ./proxy_data/traces/flux-test/Simulation-12.log' returned non-zero exit status 1.
Traces saved to ./proxy_data/traces/flux-test/Simulation-10.log
Traces saved to ./proxy_data/traces/flux-test/Simulation-11.log
Traces saved to ./proxy_data/traces/flux-test/Simulation-13.log
Error running forge command: Command 'forge test --match-path test/generated/flux-test/Simulation-9.t.sol -vvvv > ./proxy_data/traces/flux-test/Simulation-9.log' returned non-zero exit status 1.
🧹 Removed empty directory test/generated/flux-test
Warning: 文件./proxy_data/traces/flux-test/Simulation-10.log中只找到一个 Trace
Trace saved to ./proxy_data/traces/flux-test/Simulation-10.json
Warning: 文件./proxy_data/traces/flux-test/Simulation-13.log中只找到一个 Trace
Trace saved to ./proxy_data/traces/flux-test/Simulation-13.json
Warning: 文件./proxy_data/traces/flux-test/Simulation-12.log中只找到一个 Trace
Trace saved to ./proxy_data/traces/flux-test/Simulation-12.json
Warning: 文件./proxy_data/traces/flux-test/Simulation-9.log中只找到一个 Trace
Trace saved to ./proxy_data/traces/flux-test/Simulation-9.json
Warning: 文件./proxy_data/traces/flux-test/Simulation-11.log中只找到一个 Trace
Trace saved to ./proxy_data/traces/flux-test/Simulation-11.json
All traces processed successfully!
🔧 Processing vesper-dao...
Error running forge command: Command 'forge test --match-path test/generated/vesper-dao/Simulation-63126077206843034864348060774222806010591669327425412273305194454617609946389.t.sol -vvvv > ./proxy_data/traces/vesper-dao/Simulation-63126077206843034864348060774222806010591669327425412273305194454617609946389.log' returned non-zero exit status 1.
Traces saved to ./proxy_data/traces/vesper-dao/Simulation-80801893428501873824773870409548378988745423184696638705371805612014531124077.log
Error running forge command: Command 'forge test --match-path test/generated/vesper-dao/Simulation-25636719367125069825188178414822810347617910694177548350075077842415876287540.t.sol -vvvv > ./proxy_data/traces/vesper-dao/Simulation-25636719367125069825188178414822810347617910694177548350075077842415876287540.log' returned non-zero exit status 1.
🧹 Removed empty directory test/generated/vesper-dao
Warning: 文件./proxy_data/traces/vesper-dao/Simulation-63126077206843034864348060774222806010591669327425412273305194454617609946389.log中只找到一个 Trace
Trace saved to ./proxy_data/traces/vesper-dao/Simulation-63126077206843034864348060774222806010591669327425412273305194454617609946389.json
Warning: 文件./proxy_data/traces/vesper-dao/Simulation-25636719367125069825188178414822810347617910694177548350075077842415876287540.log中只找到一个 Trace
Trace saved to ./proxy_data/traces/vesper-dao/Simulation-25636719367125069825188178414822810347617910694177548350075077842415876287540.json
Warning: 文件./proxy_data/traces/vesper-dao/Simulation-80801893428501873824773870409548378988745423184696638705371805612014531124077.log中只找到一个 Trace
Trace saved to ./proxy_data/traces/vesper-dao/Simulation-80801893428501873824773870409548378988745423184696638705371805612014531124077.json
All traces processed successfully!
🔧 Processing mahadao-1...
Error running forge command: Command 'forge test --match-path test/generated/mahadao-1/Simulation-102668149024163013058526010304742202800322164430948315260111018954397965817896.t.sol -vvvv > ./proxy_data/traces/mahadao-1/Simulation-102668149024163013058526010304742202800322164430948315260111018954397965817896.log' returned non-zero exit status 1.
🧹 Removed empty directory test/generated/mahadao-1
Warning: 文件./proxy_data/traces/mahadao-1/Simulation-102668149024163013058526010304742202800322164430948315260111018954397965817896.log中只找到一个 Trace
Trace saved to ./proxy_data/traces/mahadao-1/Simulation-102668149024163013058526010304742202800322164430948315260111018954397965817896.json
All traces processed successfully!
🔧 Processing souleigh-dao-1172...
Error running forge command: Command 'forge test --match-path test/generated/souleigh-dao-1172/Simulation-100394783314512250984049721630274816828518200400660245093320600336138101858858.t.sol -vvvv > ./proxy_data/traces/souleigh-dao-1172/Simulation-100394783314512250984049721630274816828518200400660245093320600336138101858858.log' returned non-zero exit status 1.
Error running forge command: Command 'forge test --match-path test/generated/souleigh-dao-1172/Simulation-21288756783970985956239648657401829044023210052492090836306815012086249275273.t.sol -vvvv > ./proxy_data/traces/souleigh-dao-1172/Simulation-21288756783970985956239648657401829044023210052492090836306815012086249275273.log' returned non-zero exit status 1.
🧹 Removed empty directory test/generated/souleigh-dao-1172
Warning: 文件./proxy_data/traces/souleigh-dao-1172/Simulation-100394783314512250984049721630274816828518200400660245093320600336138101858858.log中只找到一个 Trace
Trace saved to ./proxy_data/traces/souleigh-dao-1172/Simulation-100394783314512250984049721630274816828518200400660245093320600336138101858858.json
Warning: 文件./proxy_data/traces/souleigh-dao-1172/Simulation-21288756783970985956239648657401829044023210052492090836306815012086249275273.log中只找到一个 Trace
Trace saved to ./proxy_data/traces/souleigh-dao-1172/Simulation-21288756783970985956239648657401829044023210052492090836306815012086249275273.json
All traces processed successfully!
🔧 Processing amkt...
Error running forge command: Command 'forge test --match-path test/generated/amkt/Simulation-80822712691645074634078077795127221699481288472540178647600137430021064729084.t.sol -vvvv > ./proxy_data/traces/amkt/Simulation-80822712691645074634078077795127221699481288472540178647600137430021064729084.log' returned non-zero exit status 1.
Error running forge command: Command 'forge test --match-path test/generated/amkt/Simulation-110299581397671514214188607648787805472150258448075942605802648030652678151807.t.sol -vvvv > ./proxy_data/traces/amkt/Simulation-110299581397671514214188607648787805472150258448075942605802648030652678151807.log' returned non-zero exit status 1.
Error running forge command: Command 'forge test --match-path test/generated/amkt/Simulation-62647950493928828749165287972188943364943738178370647030593792899631318774276.t.sol -vvvv > ./proxy_data/traces/amkt/Simulation-62647950493928828749165287972188943364943738178370647030593792899631318774276.log' returned non-zero exit status 1.
Error running forge command: Command 'forge test --match-path test/generated/amkt/Simulation-54813910057002201800034765713077670133960857662174205709579917221316935980992.t.sol -vvvv > ./proxy_data/traces/amkt/Simulation-54813910057002201800034765713077670133960857662174205709579917221316935980992.log' returned non-zero exit status 1.
Error running forge command: Command 'forge test --match-path test/generated/amkt/Simulation-39210095563482212864324380867477677335833373512568812460888567846573183331740.t.sol -vvvv > ./proxy_data/traces/amkt/Simulation-39210095563482212864324380867477677335833373512568812460888567846573183331740.log' returned non-zero exit status 1.
🧹 Removed empty directory test/generated/amkt
Warning: 文件./proxy_data/traces/amkt/Simulation-54813910057002201800034765713077670133960857662174205709579917221316935980992.log中只找到一个 Trace
Trace saved to ./proxy_data/traces/amkt/Simulation-54813910057002201800034765713077670133960857662174205709579917221316935980992.json
Warning: 文件./proxy_data/traces/amkt/Simulation-110299581397671514214188607648787805472150258448075942605802648030652678151807.log中只找到一个 Trace
Trace saved to ./proxy_data/traces/amkt/Simulation-110299581397671514214188607648787805472150258448075942605802648030652678151807.json
Warning: 文件./proxy_data/traces/amkt/Simulation-80822712691645074634078077795127221699481288472540178647600137430021064729084.log中只找到一个 Trace
Trace saved to ./proxy_data/traces/amkt/Simulation-80822712691645074634078077795127221699481288472540178647600137430021064729084.json
Warning: 文件./proxy_data/traces/amkt/Simulation-39210095563482212864324380867477677335833373512568812460888567846573183331740.log中只找到一个 Trace
Trace saved to ./proxy_data/traces/amkt/Simulation-39210095563482212864324380867477677335833373512568812460888567846573183331740.json
Warning: 文件./proxy_data/traces/amkt/Simulation-62647950493928828749165287972188943364943738178370647030593792899631318774276.log中只找到一个 Trace
Trace saved to ./proxy_data/traces/amkt/Simulation-62647950493928828749165287972188943364943738178370647030593792899631318774276.json
All traces processed successfully!
🔧 Processing gtsdao...
Error running forge command: Command 'forge test --match-path test/generated/gtsdao/Simulation-106066271497576962750656494342858238797734524477039093228386806448360151327105.t.sol -vvvv > ./proxy_data/traces/gtsdao/Simulation-106066271497576962750656494342858238797734524477039093228386806448360151327105.log' returned non-zero exit status 1.
Error running forge command: Command 'forge test --match-path test/generated/gtsdao/Simulation-8301827672154294012360415988912041257132652622911784867909680282234753494271.t.sol -vvvv > ./proxy_data/traces/gtsdao/Simulation-8301827672154294012360415988912041257132652622911784867909680282234753494271.log' returned non-zero exit status 1.
🧹 Removed empty directory test/generated/gtsdao
Warning: 文件./proxy_data/traces/gtsdao/Simulation-8301827672154294012360415988912041257132652622911784867909680282234753494271.log中只找到一个 Trace
Trace saved to ./proxy_data/traces/gtsdao/Simulation-8301827672154294012360415988912041257132652622911784867909680282234753494271.json
Warning: 文件./proxy_data/traces/gtsdao/Simulation-106066271497576962750656494342858238797734524477039093228386806448360151327105.log中只找到一个 Trace
Trace saved to ./proxy_data/traces/gtsdao/Simulation-106066271497576962750656494342858238797734524477039093228386806448360151327105.json
All traces processed successfully!
🔧 Processing bobodao...
Error running forge command: Command 'forge test --match-path test/generated/bobodao/Simulation-33715306959860681715476282977562258774052254893551418148582278614260874208009.t.sol -vvvv > ./proxy_data/traces/bobodao/Simulation-33715306959860681715476282977562258774052254893551418148582278614260874208009.log' returned non-zero exit status 1.
🧹 Removed empty directory test/generated/bobodao
Warning: 文件./proxy_data/traces/bobodao/Simulation-33715306959860681715476282977562258774052254893551418148582278614260874208009.log中只找到一个 Trace
Trace saved to ./proxy_data/traces/bobodao/Simulation-33715306959860681715476282977562258774052254893551418148582278614260874208009.json
All traces processed successfully!
🔧 Processing daxio...
Error running forge command: Command 'forge test --match-path test/generated/daxio/Simulation-56348064626508298010950198588641888174993321923772180280813854783168570100751.t.sol -vvvv > ./proxy_data/traces/daxio/Simulation-56348064626508298010950198588641888174993321923772180280813854783168570100751.log' returned non-zero exit status 1.
Error running forge command: Command 'forge test --match-path test/generated/daxio/Simulation-63714007425849657593503148875624537484341763935940114764651147939041095673736.t.sol -vvvv > ./proxy_data/traces/daxio/Simulation-63714007425849657593503148875624537484341763935940114764651147939041095673736.log' returned non-zero exit status 1.
Error running forge command: Command 'forge test --match-path test/generated/daxio/Simulation-52037596232357892856383244500193632902069163830935923324042734772681294025279.t.sol -vvvv > ./proxy_data/traces/daxio/Simulation-52037596232357892856383244500193632902069163830935923324042734772681294025279.log' returned non-zero exit status 1.
Error running forge command: Command 'forge test --match-path test/generated/daxio/Simulation-74569531837683364707719031515953424529316295693271584315131510072482216611013.t.sol -vvvv > ./proxy_data/traces/daxio/Simulation-74569531837683364707719031515953424529316295693271584315131510072482216611013.log' returned non-zero exit status 1.
Error running forge command: Command 'forge test --match-path test/generated/daxio/Simulation-18325116560585899681890028366290210511808113194182862516474778391403715160335.t.sol -vvvv > ./proxy_data/traces/daxio/Simulation-18325116560585899681890028366290210511808113194182862516474778391403715160335.log' returned non-zero exit status 1.
🧹 Removed empty directory test/generated/daxio
Warning: 文件./proxy_data/traces/daxio/Simulation-18325116560585899681890028366290210511808113194182862516474778391403715160335.log中只找到一个 Trace
Trace saved to ./proxy_data/traces/daxio/Simulation-18325116560585899681890028366290210511808113194182862516474778391403715160335.json
Warning: 文件./proxy_data/traces/daxio/Simulation-74569531837683364707719031515953424529316295693271584315131510072482216611013.log中只找到一个 Trace
Trace saved to ./proxy_data/traces/daxio/Simulation-74569531837683364707719031515953424529316295693271584315131510072482216611013.json
Warning: 文件./proxy_data/traces/daxio/Simulation-56348064626508298010950198588641888174993321923772180280813854783168570100751.log中只找到一个 Trace
Trace saved to ./proxy_data/traces/daxio/Simulation-56348064626508298010950198588641888174993321923772180280813854783168570100751.json
Warning: 文件./proxy_data/traces/daxio/Simulation-52037596232357892856383244500193632902069163830935923324042734772681294025279.log中只找到一个 Trace
Trace saved to ./proxy_data/traces/daxio/Simulation-52037596232357892856383244500193632902069163830935923324042734772681294025279.json
Warning: 文件./proxy_data/traces/daxio/Simulation-63714007425849657593503148875624537484341763935940114764651147939041095673736.log中只找到一个 Trace
Trace saved to ./proxy_data/traces/daxio/Simulation-63714007425849657593503148875624537484341763935940114764651147939041095673736.json
All traces processed successfully!
🔧 Processing auxo-dao...
Traces saved to ./proxy_data/traces/auxo-dao/Simulation-62180063396642494272506248500686021333850172846337409961121945706344475757041.log
🧹 Removed empty directory test/generated/auxo-dao
Warning: 文件./proxy_data/traces/auxo-dao/Simulation-62180063396642494272506248500686021333850172846337409961121945706344475757041.log中只找到一个 Trace
Trace saved to ./proxy_data/traces/auxo-dao/Simulation-62180063396642494272506248500686021333850172846337409961121945706344475757041.json
All traces processed successfully!
🔧 Processing onepunch-coin-dao...
Error running forge command: Command 'forge test --match-path test/generated/onepunch-coin-dao/Simulation-51723025114279188061191328740872911172515007609944621210794058001776779376272.t.sol -vvvv > ./proxy_data/traces/onepunch-coin-dao/Simulation-51723025114279188061191328740872911172515007609944621210794058001776779376272.log' returned non-zero exit status 1.
Error running forge command: Command 'forge test --match-path test/generated/onepunch-coin-dao/Simulation-112711102228044411667145027369813376086256810551649032616621474094766673896620.t.sol -vvvv > ./proxy_data/traces/onepunch-coin-dao/Simulation-112711102228044411667145027369813376086256810551649032616621474094766673896620.log' returned non-zero exit status 1.
Error running forge command: Command 'forge test --match-path test/generated/onepunch-coin-dao/Simulation-69747740102377091619712213418762880482610907673280578090087331587337994054709.t.sol -vvvv > ./proxy_data/traces/onepunch-coin-dao/Simulation-69747740102377091619712213418762880482610907673280578090087331587337994054709.log' returned non-zero exit status 1.
🧹 Removed empty directory test/generated/onepunch-coin-dao
Warning: 文件./proxy_data/traces/onepunch-coin-dao/Simulation-112711102228044411667145027369813376086256810551649032616621474094766673896620.log中只找到一个 Trace
Trace saved to ./proxy_data/traces/onepunch-coin-dao/Simulation-112711102228044411667145027369813376086256810551649032616621474094766673896620.json
Warning: 文件./proxy_data/traces/onepunch-coin-dao/Simulation-69747740102377091619712213418762880482610907673280578090087331587337994054709.log中只找到一个 Trace
Trace saved to ./proxy_data/traces/onepunch-coin-dao/Simulation-69747740102377091619712213418762880482610907673280578090087331587337994054709.json
Warning: 文件./proxy_data/traces/onepunch-coin-dao/Simulation-51723025114279188061191328740872911172515007609944621210794058001776779376272.log中只找到一个 Trace
Trace saved to ./proxy_data/traces/onepunch-coin-dao/Simulation-51723025114279188061191328740872911172515007609944621210794058001776779376272.json
All traces processed successfully!
🔧 Processing reserve-fric2001...
Traces saved to ./proxy_data/traces/reserve-fric2001/Simulation-51712044203370013670256396648850296219785631533245736939263686289416945714693.log
Traces saved to ./proxy_data/traces/reserve-fric2001/Simulation-3277781040360402849298409808606630214120275165072797564538477373843587315307.log
🧹 Removed empty directory test/generated/reserve-fric2001
Warning: 文件./proxy_data/traces/reserve-fric2001/Simulation-51712044203370013670256396648850296219785631533245736939263686289416945714693.log中只找到一个 Trace
Trace saved to ./proxy_data/traces/reserve-fric2001/Simulation-51712044203370013670256396648850296219785631533245736939263686289416945714693.json
Warning: 文件./proxy_data/traces/reserve-fric2001/Simulation-3277781040360402849298409808606630214120275165072797564538477373843587315307.log中只找到一个 Trace
Trace saved to ./proxy_data/traces/reserve-fric2001/Simulation-3277781040360402849298409808606630214120275165072797564538477373843587315307.json
All traces processed successfully!
🔧 Processing bananapus...
Error running forge command: Command 'forge test --match-path test/generated/bananapus/Simulation-14360375430265847497527235895133903642502090380010061126059480056352281851793.t.sol -vvvv > ./proxy_data/traces/bananapus/Simulation-14360375430265847497527235895133903642502090380010061126059480056352281851793.log' returned non-zero exit status 1.
🧹 Removed empty directory test/generated/bananapus
Warning: 文件./proxy_data/traces/bananapus/Simulation-14360375430265847497527235895133903642502090380010061126059480056352281851793.log中只找到一个 Trace
Trace saved to ./proxy_data/traces/bananapus/Simulation-14360375430265847497527235895133903642502090380010061126059480056352281851793.json
All traces processed successfully!
🔧 Processing tai...
Traces saved to ./proxy_data/traces/tai/Simulation-67072037645410605034067064392525845781075247539857109370860254305355705358478.log
Traces saved to ./proxy_data/traces/tai/Simulation-22659774742869423400921362424544473969664942795175017071365167783439589940357.log
Traces saved to ./proxy_data/traces/tai/Simulation-115722720138912697581387822298264257318397352771888033393210963243820359232389.log
Traces saved to ./proxy_data/traces/tai/Simulation-87364855901471776763254538897827203344472895573319478882264625470655028629037.log
Error running forge command: Command 'forge test --match-path test/generated/tai/Simulation-95571565419541711661030379628295173709168662218046794078267085734820374079346.t.sol -vvvv > ./proxy_data/traces/tai/Simulation-95571565419541711661030379628295173709168662218046794078267085734820374079346.log' returned non-zero exit status 1.
🧹 Removed empty directory test/generated/tai
Warning: 文件./proxy_data/traces/tai/Simulation-95571565419541711661030379628295173709168662218046794078267085734820374079346.log中只找到一个 Trace
Trace saved to ./proxy_data/traces/tai/Simulation-95571565419541711661030379628295173709168662218046794078267085734820374079346.json
Warning: 文件./proxy_data/traces/tai/Simulation-115722720138912697581387822298264257318397352771888033393210963243820359232389.log中只找到一个 Trace
Trace saved to ./proxy_data/traces/tai/Simulation-115722720138912697581387822298264257318397352771888033393210963243820359232389.json
Warning: 文件./proxy_data/traces/tai/Simulation-87364855901471776763254538897827203344472895573319478882264625470655028629037.log中只找到一个 Trace
Trace saved to ./proxy_data/traces/tai/Simulation-87364855901471776763254538897827203344472895573319478882264625470655028629037.json
Warning: 文件./proxy_data/traces/tai/Simulation-67072037645410605034067064392525845781075247539857109370860254305355705358478.log中只找到一个 Trace
Trace saved to ./proxy_data/traces/tai/Simulation-67072037645410605034067064392525845781075247539857109370860254305355705358478.json
Warning: 文件./proxy_data/traces/tai/Simulation-22659774742869423400921362424544473969664942795175017071365167783439589940357.log中只找到一个 Trace
Trace saved to ./proxy_data/traces/tai/Simulation-22659774742869423400921362424544473969664942795175017071365167783439589940357.json
All traces processed successfully!
🔧 Processing diva...
Error running forge command: Command 'forge test --match-path test/generated/diva/Simulation-68339838625158979928047762624001205186126214995587318290213495157215153924127.t.sol -vvvv > ./proxy_data/traces/diva/Simulation-68339838625158979928047762624001205186126214995587318290213495157215153924127.log' returned non-zero exit status 1.
Error running forge command: Command 'forge test --match-path test/generated/diva/Simulation-96793334092430167694944466053987118900614331217239498770103733484972019888307.t.sol -vvvv > ./proxy_data/traces/diva/Simulation-96793334092430167694944466053987118900614331217239498770103733484972019888307.log' returned non-zero exit status 1.
Error running forge command: Command 'forge test --match-path test/generated/diva/Simulation-49636929385175679950716598564691019226173535052318602410589980050917105216394.t.sol -vvvv > ./proxy_data/traces/diva/Simulation-49636929385175679950716598564691019226173535052318602410589980050917105216394.log' returned non-zero exit status 1.
Error running forge command: Command 'forge test --match-path test/generated/diva/Simulation-81214320116284875085720017789187746668660834969800867017739945477850485855628.t.sol -vvvv > ./proxy_data/traces/diva/Simulation-81214320116284875085720017789187746668660834969800867017739945477850485855628.log' returned non-zero exit status 1.
Error running forge command: Command 'forge test --match-path test/generated/diva/Simulation-38314542060713027082977990523280607813521163704798044817782268218160075499416.t.sol -vvvv > ./proxy_data/traces/diva/Simulation-38314542060713027082977990523280607813521163704798044817782268218160075499416.log' returned non-zero exit status 1.
🧹 Removed empty directory test/generated/diva
Warning: 文件./proxy_data/traces/diva/Simulation-38314542060713027082977990523280607813521163704798044817782268218160075499416.log中只找到一个 Trace
Trace saved to ./proxy_data/traces/diva/Simulation-38314542060713027082977990523280607813521163704798044817782268218160075499416.json
Warning: 文件./proxy_data/traces/diva/Simulation-96793334092430167694944466053987118900614331217239498770103733484972019888307.log中只找到一个 Trace
Trace saved to ./proxy_data/traces/diva/Simulation-96793334092430167694944466053987118900614331217239498770103733484972019888307.json
Warning: 文件./proxy_data/traces/diva/Simulation-68339838625158979928047762624001205186126214995587318290213495157215153924127.log中只找到一个 Trace
Trace saved to ./proxy_data/traces/diva/Simulation-68339838625158979928047762624001205186126214995587318290213495157215153924127.json
Warning: 文件./proxy_data/traces/diva/Simulation-81214320116284875085720017789187746668660834969800867017739945477850485855628.log中只找到一个 Trace
Trace saved to ./proxy_data/traces/diva/Simulation-81214320116284875085720017789187746668660834969800867017739945477850485855628.json
Warning: 文件./proxy_data/traces/diva/Simulation-49636929385175679950716598564691019226173535052318602410589980050917105216394.log中只找到一个 Trace
Trace saved to ./proxy_data/traces/diva/Simulation-49636929385175679950716598564691019226173535052318602410589980050917105216394.json
All traces processed successfully!
🔧 Processing mahadao-old...
Error running forge command: Command 'forge test --match-path test/generated/mahadao-old/Simulation-26006322709062813615707206532897861990418503937864119615935634347723848443856.t.sol -vvvv > ./proxy_data/traces/mahadao-old/Simulation-26006322709062813615707206532897861990418503937864119615935634347723848443856.log' returned non-zero exit status 1.
🧹 Removed empty directory test/generated/mahadao-old
Warning: 文件./proxy_data/traces/mahadao-old/Simulation-26006322709062813615707206532897861990418503937864119615935634347723848443856.log中只找到一个 Trace
Trace saved to ./proxy_data/traces/mahadao-old/Simulation-26006322709062813615707206532897861990418503937864119615935634347723848443856.json
All traces processed successfully!
🔧 Processing test-again...
Error running forge command: Command 'forge test --match-path test/generated/test-again/Simulation-18144800852146988705159456035761229971751214081316398269686038638606376846429.t.sol -vvvv > ./proxy_data/traces/test-again/Simulation-18144800852146988705159456035761229971751214081316398269686038638606376846429.log' returned non-zero exit status 1.
🧹 Removed empty directory test/generated/test-again
Warning: 文件./proxy_data/traces/test-again/Simulation-18144800852146988705159456035761229971751214081316398269686038638606376846429.log中只找到一个 Trace
Trace saved to ./proxy_data/traces/test-again/Simulation-18144800852146988705159456035761229971751214081316398269686038638606376846429.json
All traces processed successfully!
🔧 Processing increment...
Error running forge command: Command 'forge test --match-path test/generated/increment/Simulation-21877727443366820861342703425734506896343748087934501645106886165813263941252.t.sol -vvvv > ./proxy_data/traces/increment/Simulation-21877727443366820861342703425734506896343748087934501645106886165813263941252.log' returned non-zero exit status 1.
Traces saved to ./proxy_data/traces/increment/Simulation-25118804308053074601562460339942342171233155429061436496621272042430227289591.log
Traces saved to ./proxy_data/traces/increment/Simulation-49709018061944511814514735491613493249023254140270691024984092147693219659182.log
Traces saved to ./proxy_data/traces/increment/Simulation-52164609670428779506948695239910029430540446941977139774513417906042123960441.log
Traces saved to ./proxy_data/traces/increment/Simulation-4289314934371612938221866805471806338516819365500005131139210433875990739219.log
🧹 Removed empty directory test/generated/increment
Warning: 文件./proxy_data/traces/increment/Simulation-4289314934371612938221866805471806338516819365500005131139210433875990739219.log中只找到一个 Trace
Trace saved to ./proxy_data/traces/increment/Simulation-4289314934371612938221866805471806338516819365500005131139210433875990739219.json
Warning: 文件./proxy_data/traces/increment/Simulation-25118804308053074601562460339942342171233155429061436496621272042430227289591.log中只找到一个 Trace
Trace saved to ./proxy_data/traces/increment/Simulation-25118804308053074601562460339942342171233155429061436496621272042430227289591.json
Warning: 文件./proxy_data/traces/increment/Simulation-52164609670428779506948695239910029430540446941977139774513417906042123960441.log中只找到一个 Trace
Trace saved to ./proxy_data/traces/increment/Simulation-52164609670428779506948695239910029430540446941977139774513417906042123960441.json
Warning: 文件./proxy_data/traces/increment/Simulation-21877727443366820861342703425734506896343748087934501645106886165813263941252.log中只找到一个 Trace
Trace saved to ./proxy_data/traces/increment/Simulation-21877727443366820861342703425734506896343748087934501645106886165813263941252.json
Warning: 文件./proxy_data/traces/increment/Simulation-49709018061944511814514735491613493249023254140270691024984092147693219659182.log中只找到一个 Trace
Trace saved to ./proxy_data/traces/increment/Simulation-49709018061944511814514735491613493249023254140270691024984092147693219659182.json
All traces processed successfully!
🔧 Processing 0x-protocol-treasury...
Traces saved to ./proxy_data/traces/0x-protocol-treasury/Simulation-63898930963836441571869176221639522260063820826197146493220374494913869800299.log
🧹 Removed empty directory test/generated/0x-protocol-treasury
Warning: 文件./proxy_data/traces/0x-protocol-treasury/Simulation-63898930963836441571869176221639522260063820826197146493220374494913869800299.log中只找到一个 Trace
Trace saved to ./proxy_data/traces/0x-protocol-treasury/Simulation-63898930963836441571869176221639522260063820826197146493220374494913869800299.json
All traces processed successfully!
🔧 Processing dotoli3...
Traces saved to ./proxy_data/traces/dotoli3/Simulation-15944605021727264370291460665053702686044875860703443135337312531964379644258.log
Traces saved to ./proxy_data/traces/dotoli3/Simulation-60519403199894646181890142723574284698307917124382773679213125293182117862831.log
Traces saved to ./proxy_data/traces/dotoli3/Simulation-87401236787564633093758295535976641130687945594341925815486669127548000334183.log
Traces saved to ./proxy_data/traces/dotoli3/Simulation-67200687528302665669906494682909567952560041031232382330643988972554264541443.log
Traces saved to ./proxy_data/traces/dotoli3/Simulation-53587494994859600213197054875061718470431266488240749865852772663502795946144.log
🧹 Removed empty directory test/generated/dotoli3
Warning: 文件./proxy_data/traces/dotoli3/Simulation-60519403199894646181890142723574284698307917124382773679213125293182117862831.log中只找到一个 Trace
Trace saved to ./proxy_data/traces/dotoli3/Simulation-60519403199894646181890142723574284698307917124382773679213125293182117862831.json
Warning: 文件./proxy_data/traces/dotoli3/Simulation-53587494994859600213197054875061718470431266488240749865852772663502795946144.log中只找到一个 Trace
Trace saved to ./proxy_data/traces/dotoli3/Simulation-53587494994859600213197054875061718470431266488240749865852772663502795946144.json
Warning: 文件./proxy_data/traces/dotoli3/Simulation-87401236787564633093758295535976641130687945594341925815486669127548000334183.log中只找到一个 Trace
Trace saved to ./proxy_data/traces/dotoli3/Simulation-87401236787564633093758295535976641130687945594341925815486669127548000334183.json
Warning: 文件./proxy_data/traces/dotoli3/Simulation-15944605021727264370291460665053702686044875860703443135337312531964379644258.log中只找到一个 Trace
Trace saved to ./proxy_data/traces/dotoli3/Simulation-15944605021727264370291460665053702686044875860703443135337312531964379644258.json
Warning: 文件./proxy_data/traces/dotoli3/Simulation-67200687528302665669906494682909567952560041031232382330643988972554264541443.log中只找到一个 Trace
Trace saved to ./proxy_data/traces/dotoli3/Simulation-67200687528302665669906494682909567952560041031232382330643988972554264541443.json
All traces processed successfully!
🔧 Processing vesper-dao-10...
Error running forge command: Command 'forge test --match-path test/generated/vesper-dao-10/Simulation-101006613999312526142128060962780216579639377605292188607327818843912416121889.t.sol -vvvv > ./proxy_data/traces/vesper-dao-10/Simulation-101006613999312526142128060962780216579639377605292188607327818843912416121889.log' returned non-zero exit status 1.
Error running forge command: Command 'forge test --match-path test/generated/vesper-dao-10/Simulation-66958273014853091862196364755576033951335413300352621846722976429672575856641.t.sol -vvvv > ./proxy_data/traces/vesper-dao-10/Simulation-66958273014853091862196364755576033951335413300352621846722976429672575856641.log' returned non-zero exit status 1.
Error running forge command: Command 'forge test --match-path test/generated/vesper-dao-10/Simulation-101070305944962398971876541192340670427604985645439824657520263088559142715866.t.sol -vvvv > ./proxy_data/traces/vesper-dao-10/Simulation-101070305944962398971876541192340670427604985645439824657520263088559142715866.log' returned non-zero exit status 1.
🧹 Removed empty directory test/generated/vesper-dao-10
Warning: 文件./proxy_data/traces/vesper-dao-10/Simulation-101070305944962398971876541192340670427604985645439824657520263088559142715866.log中只找到一个 Trace
Trace saved to ./proxy_data/traces/vesper-dao-10/Simulation-101070305944962398971876541192340670427604985645439824657520263088559142715866.json
Warning: 文件./proxy_data/traces/vesper-dao-10/Simulation-101006613999312526142128060962780216579639377605292188607327818843912416121889.log中只找到一个 Trace
Trace saved to ./proxy_data/traces/vesper-dao-10/Simulation-101006613999312526142128060962780216579639377605292188607327818843912416121889.json
Warning: 文件./proxy_data/traces/vesper-dao-10/Simulation-66958273014853091862196364755576033951335413300352621846722976429672575856641.log中只找到一个 Trace
Trace saved to ./proxy_data/traces/vesper-dao-10/Simulation-66958273014853091862196364755576033951335413300352621846722976429672575856641.json
All traces processed successfully!
🔧 Processing bound-finance-dao...
Error running forge command: Command 'forge test --match-path test/generated/bound-finance-dao/Simulation-107793395487407982355441152825356279027133069984711019001406877268462101596885.t.sol -vvvv > ./proxy_data/traces/bound-finance-dao/Simulation-107793395487407982355441152825356279027133069984711019001406877268462101596885.log' returned non-zero exit status 1.
Error running forge command: Command 'forge test --match-path test/generated/bound-finance-dao/Simulation-92888642982621633199622197975548341830417430831089316084486597156824649639828.t.sol -vvvv > ./proxy_data/traces/bound-finance-dao/Simulation-92888642982621633199622197975548341830417430831089316084486597156824649639828.log' returned non-zero exit status 1.
🧹 Removed empty directory test/generated/bound-finance-dao
Warning: 文件./proxy_data/traces/bound-finance-dao/Simulation-92888642982621633199622197975548341830417430831089316084486597156824649639828.log中只找到一个 Trace
Trace saved to ./proxy_data/traces/bound-finance-dao/Simulation-92888642982621633199622197975548341830417430831089316084486597156824649639828.json
Warning: 文件./proxy_data/traces/bound-finance-dao/Simulation-107793395487407982355441152825356279027133069984711019001406877268462101596885.log中只找到一个 Trace
Trace saved to ./proxy_data/traces/bound-finance-dao/Simulation-107793395487407982355441152825356279027133069984711019001406877268462101596885.json
All traces processed successfully!
🔧 Processing amphora-dao...
Traces saved to ./proxy_data/traces/amphora-dao/Simulation-1.log
Traces saved to ./proxy_data/traces/amphora-dao/Simulation-4.log
Traces saved to ./proxy_data/traces/amphora-dao/Simulation-3.log
Error running forge command: Command 'forge test --match-path test/generated/amphora-dao/Simulation-5.t.sol -vvvv > ./proxy_data/traces/amphora-dao/Simulation-5.log' returned non-zero exit status 1.
Traces saved to ./proxy_data/traces/amphora-dao/Simulation-2.log
🧹 Removed empty directory test/generated/amphora-dao
Warning: 文件./proxy_data/traces/amphora-dao/Simulation-5.log中只找到一个 Trace
Trace saved to ./proxy_data/traces/amphora-dao/Simulation-5.json
Warning: 文件./proxy_data/traces/amphora-dao/Simulation-3.log中只找到一个 Trace
Trace saved to ./proxy_data/traces/amphora-dao/Simulation-3.json
Warning: 文件./proxy_data/traces/amphora-dao/Simulation-2.log中只找到一个 Trace
Trace saved to ./proxy_data/traces/amphora-dao/Simulation-2.json
Warning: 文件./proxy_data/traces/amphora-dao/Simulation-1.log中只找到一个 Trace
Trace saved to ./proxy_data/traces/amphora-dao/Simulation-1.json
Warning: 文件./proxy_data/traces/amphora-dao/Simulation-4.log中只找到一个 Trace
Trace saved to ./proxy_data/traces/amphora-dao/Simulation-4.json
All traces processed successfully!
🔧 Processing ayaan...
Traces saved to ./proxy_data/traces/ayaan/Simulation-72863535605271352948068067779280941914121460201194752554360597050428349495059.log
Traces saved to ./proxy_data/traces/ayaan/Simulation-80680672719682341113454608632883441825960719377412341337635106699796775306774.log
Traces saved to ./proxy_data/traces/ayaan/Simulation-98727709160031617468484748957079097778393008543353622852719767555326614759961.log
Traces saved to ./proxy_data/traces/ayaan/Simulation-104639257963448057138113061238448577067352847731323927552140068866125590222349.log
Traces saved to ./proxy_data/traces/ayaan/Simulation-103828228293901727173864815908641309001545174664896679752169184990329327837908.log
🧹 Removed empty directory test/generated/ayaan
Warning: 文件./proxy_data/traces/ayaan/Simulation-72863535605271352948068067779280941914121460201194752554360597050428349495059.log中只找到一个 Trace
Trace saved to ./proxy_data/traces/ayaan/Simulation-72863535605271352948068067779280941914121460201194752554360597050428349495059.json
Warning: 文件./proxy_data/traces/ayaan/Simulation-104639257963448057138113061238448577067352847731323927552140068866125590222349.log中只找到一个 Trace
Trace saved to ./proxy_data/traces/ayaan/Simulation-104639257963448057138113061238448577067352847731323927552140068866125590222349.json
Warning: 文件./proxy_data/traces/ayaan/Simulation-103828228293901727173864815908641309001545174664896679752169184990329327837908.log中只找到一个 Trace
Trace saved to ./proxy_data/traces/ayaan/Simulation-103828228293901727173864815908641309001545174664896679752169184990329327837908.json
Warning: 文件./proxy_data/traces/ayaan/Simulation-98727709160031617468484748957079097778393008543353622852719767555326614759961.log中只找到一个 Trace
Trace saved to ./proxy_data/traces/ayaan/Simulation-98727709160031617468484748957079097778393008543353622852719767555326614759961.json
Warning: 文件./proxy_data/traces/ayaan/Simulation-80680672719682341113454608632883441825960719377412341337635106699796775306774.log中只找到一个 Trace
Trace saved to ./proxy_data/traces/ayaan/Simulation-80680672719682341113454608632883441825960719377412341337635106699796775306774.json
All traces processed successfully!
🔧 Processing inedible...
Traces saved to ./proxy_data/traces/inedible/Simulation-54996346171817912689506755450365970592438315915266280019857477940922028264030.log
🧹 Removed empty directory test/generated/inedible
Warning: 文件./proxy_data/traces/inedible/Simulation-54996346171817912689506755450365970592438315915266280019857477940922028264030.log中只找到一个 Trace
Trace saved to ./proxy_data/traces/inedible/Simulation-54996346171817912689506755450365970592438315915266280019857477940922028264030.json
All traces processed successfully!
🔧 Processing high-yield-usd...
Error running forge command: Command 'forge test --match-path test/generated/high-yield-usd/Simulation-53147051403459944607598317644463199175581485321425571919104646135503188599519.t.sol -vvvv > ./proxy_data/traces/high-yield-usd/Simulation-53147051403459944607598317644463199175581485321425571919104646135503188599519.log' returned non-zero exit status 1.
Error running forge command: Command 'forge test --match-path test/generated/high-yield-usd/Simulation-52194280851944068111699119923499674379064402295224877840510901474966170329718.t.sol -vvvv > ./proxy_data/traces/high-yield-usd/Simulation-52194280851944068111699119923499674379064402295224877840510901474966170329718.log' returned non-zero exit status 1.
Error running forge command: Command 'forge test --match-path test/generated/high-yield-usd/Simulation-31397060371285717022401299360113237758070275364928500202951357792196557901060.t.sol -vvvv > ./proxy_data/traces/high-yield-usd/Simulation-31397060371285717022401299360113237758070275364928500202951357792196557901060.log' returned non-zero exit status 1.
Error running forge command: Command 'forge test --match-path test/generated/high-yield-usd/Simulation-77775083938905830140090102365890178619441077605900469196271338122507029386498.t.sol -vvvv > ./proxy_data/traces/high-yield-usd/Simulation-77775083938905830140090102365890178619441077605900469196271338122507029386498.log' returned non-zero exit status 1.
Error running forge command: Command 'forge test --match-path test/generated/high-yield-usd/Simulation-62366808460908543355002312639274617898876028356585129914603060429296904328877.t.sol -vvvv > ./proxy_data/traces/high-yield-usd/Simulation-62366808460908543355002312639274617898876028356585129914603060429296904328877.log' returned non-zero exit status 1.
🧹 Removed empty directory test/generated/high-yield-usd
Warning: 文件./proxy_data/traces/high-yield-usd/Simulation-62366808460908543355002312639274617898876028356585129914603060429296904328877.log中只找到一个 Trace
Trace saved to ./proxy_data/traces/high-yield-usd/Simulation-62366808460908543355002312639274617898876028356585129914603060429296904328877.json
Warning: 文件./proxy_data/traces/high-yield-usd/Simulation-31397060371285717022401299360113237758070275364928500202951357792196557901060.log中只找到一个 Trace
Trace saved to ./proxy_data/traces/high-yield-usd/Simulation-31397060371285717022401299360113237758070275364928500202951357792196557901060.json
Warning: 文件./proxy_data/traces/high-yield-usd/Simulation-53147051403459944607598317644463199175581485321425571919104646135503188599519.log中只找到一个 Trace
Trace saved to ./proxy_data/traces/high-yield-usd/Simulation-53147051403459944607598317644463199175581485321425571919104646135503188599519.json
Warning: 文件./proxy_data/traces/high-yield-usd/Simulation-77775083938905830140090102365890178619441077605900469196271338122507029386498.log中只找到一个 Trace
Trace saved to ./proxy_data/traces/high-yield-usd/Simulation-77775083938905830140090102365890178619441077605900469196271338122507029386498.json
Warning: 文件./proxy_data/traces/high-yield-usd/Simulation-52194280851944068111699119923499674379064402295224877840510901474966170329718.log中只找到一个 Trace
Trace saved to ./proxy_data/traces/high-yield-usd/Simulation-52194280851944068111699119923499674379064402295224877840510901474966170329718.json
All traces processed successfully!
🔧 Processing eth...
Error running forge command: Command 'forge test --match-path test/generated/eth/Simulation-84434414105523636939322791721410427432698870259822791491765612893958673036018.t.sol -vvvv > ./proxy_data/traces/eth/Simulation-84434414105523636939322791721410427432698870259822791491765612893958673036018.log' returned non-zero exit status 1.
Error running forge command: Command 'forge test --match-path test/generated/eth/Simulation-70705950227960315591195552952433457124031393891043239670278074698399533328631.t.sol -vvvv > ./proxy_data/traces/eth/Simulation-70705950227960315591195552952433457124031393891043239670278074698399533328631.log' returned non-zero exit status 1.
Error running forge command: Command 'forge test --match-path test/generated/eth/Simulation-49478449103737865465953790595357498110177958046793674838497280384589361348288.t.sol -vvvv > ./proxy_data/traces/eth/Simulation-49478449103737865465953790595357498110177958046793674838497280384589361348288.log' returned non-zero exit status 1.
Error running forge command: Command 'forge test --match-path test/generated/eth/Simulation-75651631275193256868410638391501300223286510728542345115994000137977116585206.t.sol -vvvv > ./proxy_data/traces/eth/Simulation-75651631275193256868410638391501300223286510728542345115994000137977116585206.log' returned non-zero exit status 1.
Error running forge command: Command 'forge test --match-path test/generated/eth/Simulation-67908996065666313488603774486449761991632027489606543044952037559916553694988.t.sol -vvvv > ./proxy_data/traces/eth/Simulation-67908996065666313488603774486449761991632027489606543044952037559916553694988.log' returned non-zero exit status 1.
🧹 Removed empty directory test/generated/eth
Warning: 文件./proxy_data/traces/eth/Simulation-70705950227960315591195552952433457124031393891043239670278074698399533328631.log中只找到一个 Trace
Trace saved to ./proxy_data/traces/eth/Simulation-70705950227960315591195552952433457124031393891043239670278074698399533328631.json
Warning: 文件./proxy_data/traces/eth/Simulation-67908996065666313488603774486449761991632027489606543044952037559916553694988.log中只找到一个 Trace
Trace saved to ./proxy_data/traces/eth/Simulation-67908996065666313488603774486449761991632027489606543044952037559916553694988.json
Warning: 文件./proxy_data/traces/eth/Simulation-84434414105523636939322791721410427432698870259822791491765612893958673036018.log中只找到一个 Trace
Trace saved to ./proxy_data/traces/eth/Simulation-84434414105523636939322791721410427432698870259822791491765612893958673036018.json
Warning: 文件./proxy_data/traces/eth/Simulation-49478449103737865465953790595357498110177958046793674838497280384589361348288.log中只找到一个 Trace
Trace saved to ./proxy_data/traces/eth/Simulation-49478449103737865465953790595357498110177958046793674838497280384589361348288.json
Warning: 文件./proxy_data/traces/eth/Simulation-75651631275193256868410638391501300223286510728542345115994000137977116585206.log中只找到一个 Trace
Trace saved to ./proxy_data/traces/eth/Simulation-75651631275193256868410638391501300223286510728542345115994000137977116585206.json
All traces processed successfully!
🔧 Processing gasdao...
Error running forge command: Command 'forge test --match-path test/generated/gasdao/Simulation-95825648605550076559676744371799502182516366077321360634644424677745617483382.t.sol -vvvv > ./proxy_data/traces/gasdao/Simulation-95825648605550076559676744371799502182516366077321360634644424677745617483382.log' returned non-zero exit status 1.
Traces saved to ./proxy_data/traces/gasdao/Simulation-33636576336108732394795227119741104895176034064457965687677127763469020773465.log
🧹 Removed empty directory test/generated/gasdao
Warning: 文件./proxy_data/traces/gasdao/Simulation-33636576336108732394795227119741104895176034064457965687677127763469020773465.log中只找到一个 Trace
Trace saved to ./proxy_data/traces/gasdao/Simulation-33636576336108732394795227119741104895176034064457965687677127763469020773465.json
Warning: 文件./proxy_data/traces/gasdao/Simulation-95825648605550076559676744371799502182516366077321360634644424677745617483382.log中只找到一个 Trace
Trace saved to ./proxy_data/traces/gasdao/Simulation-95825648605550076559676744371799502182516366077321360634644424677745617483382.json
All traces processed successfully!
🔧 Processing dfrag...
Traces saved to ./proxy_data/traces/dfrag/Simulation-39267757073305184368204409328214172152473061785022133636945860432776541381089.log
🧹 Removed empty directory test/generated/dfrag
Warning: 文件./proxy_data/traces/dfrag/Simulation-39267757073305184368204409328214172152473061785022133636945860432776541381089.log中只找到一个 Trace
Trace saved to ./proxy_data/traces/dfrag/Simulation-39267757073305184368204409328214172152473061785022133636945860432776541381089.json
All traces processed successfully!
🔧 Processing candle...
Error running forge command: Command 'forge test --match-path test/generated/candle/Simulation-77684503522710633153809862454285211749843085761059826165279758514466672814483.t.sol -vvvv > ./proxy_data/traces/candle/Simulation-77684503522710633153809862454285211749843085761059826165279758514466672814483.log' returned non-zero exit status 1.
Error running forge command: Command 'forge test --match-path test/generated/candle/Simulation-3997076801006050911366480014433799584238981404972673116103611075834769525735.t.sol -vvvv > ./proxy_data/traces/candle/Simulation-3997076801006050911366480014433799584238981404972673116103611075834769525735.log' returned non-zero exit status 1.
Error running forge command: Command 'forge test --match-path test/generated/candle/Simulation-110464326887736665124431317636588996956479993036702271717961959788835407961802.t.sol -vvvv > ./proxy_data/traces/candle/Simulation-110464326887736665124431317636588996956479993036702271717961959788835407961802.log' returned non-zero exit status 1.
Error running forge command: Command 'forge test --match-path test/generated/candle/Simulation-5339948341242076178990299405647664344960113338713520331110730633837545041749.t.sol -vvvv > ./proxy_data/traces/candle/Simulation-5339948341242076178990299405647664344960113338713520331110730633837545041749.log' returned non-zero exit status 1.
🧹 Removed empty directory test/generated/candle
Warning: 文件./proxy_data/traces/candle/Simulation-110464326887736665124431317636588996956479993036702271717961959788835407961802.log中只找到一个 Trace
Trace saved to ./proxy_data/traces/candle/Simulation-110464326887736665124431317636588996956479993036702271717961959788835407961802.json
Warning: 文件./proxy_data/traces/candle/Simulation-5339948341242076178990299405647664344960113338713520331110730633837545041749.log中只找到一个 Trace
Trace saved to ./proxy_data/traces/candle/Simulation-5339948341242076178990299405647664344960113338713520331110730633837545041749.json
Warning: 文件./proxy_data/traces/candle/Simulation-3997076801006050911366480014433799584238981404972673116103611075834769525735.log中只找到一个 Trace
Trace saved to ./proxy_data/traces/candle/Simulation-3997076801006050911366480014433799584238981404972673116103611075834769525735.json
Warning: 文件./proxy_data/traces/candle/Simulation-77684503522710633153809862454285211749843085761059826165279758514466672814483.log中只找到一个 Trace
Trace saved to ./proxy_data/traces/candle/Simulation-77684503522710633153809862454285211749843085761059826165279758514466672814483.json
All traces processed successfully!
🔧 Processing yam-finance...
Error running forge command: Command 'forge test --match-path test/generated/yam-finance/Simulation-43.t.sol -vvvv > ./proxy_data/traces/yam-finance/Simulation-43.log' returned non-zero exit status 1.
Error running forge command: Command 'forge test --match-path test/generated/yam-finance/Simulation-42.t.sol -vvvv > ./proxy_data/traces/yam-finance/Simulation-42.log' returned non-zero exit status 1.
Error running forge command: Command 'forge test --match-path test/generated/yam-finance/Simulation-40.t.sol -vvvv > ./proxy_data/traces/yam-finance/Simulation-40.log' returned non-zero exit status 1.
Error running forge command: Command 'forge test --match-path test/generated/yam-finance/Simulation-44.t.sol -vvvv > ./proxy_data/traces/yam-finance/Simulation-44.log' returned non-zero exit status 1.
Error running forge command: Command 'forge test --match-path test/generated/yam-finance/Simulation-41.t.sol -vvvv > ./proxy_data/traces/yam-finance/Simulation-41.log' returned non-zero exit status 1.
🧹 Removed empty directory test/generated/yam-finance
Warning: 文件./proxy_data/traces/yam-finance/Simulation-44.log中只找到一个 Trace
Trace saved to ./proxy_data/traces/yam-finance/Simulation-44.json
Warning: 文件./proxy_data/traces/yam-finance/Simulation-43.log中只找到一个 Trace
Trace saved to ./proxy_data/traces/yam-finance/Simulation-43.json
Warning: 文件./proxy_data/traces/yam-finance/Simulation-42.log中只找到一个 Trace
Trace saved to ./proxy_data/traces/yam-finance/Simulation-42.json
Warning: 文件./proxy_data/traces/yam-finance/Simulation-40.log中只找到一个 Trace
Trace saved to ./proxy_data/traces/yam-finance/Simulation-40.json
Warning: 文件./proxy_data/traces/yam-finance/Simulation-41.log中只找到一个 Trace
Trace saved to ./proxy_data/traces/yam-finance/Simulation-41.json
All traces processed successfully!
🔧 Processing union...
Traces saved to ./proxy_data/traces/union/Simulation-21608707407054837989140779176580293803978444543375213309327962212021684584347.log
Traces saved to ./proxy_data/traces/union/Simulation-24294346764282604014383762062489189115242539487559338991363750477950451110673.log
Traces saved to ./proxy_data/traces/union/Simulation-57791696644668703428465563594152565743842362583468457413507707807742002469394.log
Traces saved to ./proxy_data/traces/union/Simulation-48800445895421404810961485987221614166629369412207998962869138327101578959220.log
Traces saved to ./proxy_data/traces/union/Simulation-8309681850705813323460996062428676010645697659062255832628813487327546971441.log
🧹 Removed empty directory test/generated/union
Warning: 文件./proxy_data/traces/union/Simulation-57791696644668703428465563594152565743842362583468457413507707807742002469394.log中只找到一个 Trace
Trace saved to ./proxy_data/traces/union/Simulation-57791696644668703428465563594152565743842362583468457413507707807742002469394.json
Warning: 文件./proxy_data/traces/union/Simulation-24294346764282604014383762062489189115242539487559338991363750477950451110673.log中只找到一个 Trace
Trace saved to ./proxy_data/traces/union/Simulation-24294346764282604014383762062489189115242539487559338991363750477950451110673.json
Warning: 文件./proxy_data/traces/union/Simulation-21608707407054837989140779176580293803978444543375213309327962212021684584347.log中只找到一个 Trace
Trace saved to ./proxy_data/traces/union/Simulation-21608707407054837989140779176580293803978444543375213309327962212021684584347.json
Warning: 文件./proxy_data/traces/union/Simulation-8309681850705813323460996062428676010645697659062255832628813487327546971441.log中只找到一个 Trace
Trace saved to ./proxy_data/traces/union/Simulation-8309681850705813323460996062428676010645697659062255832628813487327546971441.json
Warning: 文件./proxy_data/traces/union/Simulation-48800445895421404810961485987221614166629369412207998962869138327101578959220.log中只找到一个 Trace
Trace saved to ./proxy_data/traces/union/Simulation-48800445895421404810961485987221614166629369412207998962869138327101578959220.json
All traces processed successfully!
🔧 Processing thurman...
Traces saved to ./proxy_data/traces/thurman/Simulation-78769237002385870351611080098168846788683094323488410270672065391261363110919.log
Traces saved to ./proxy_data/traces/thurman/Simulation-56985063138928622959695514936222570491687653584381523205416119571242881949753.log
Traces saved to ./proxy_data/traces/thurman/Simulation-8771068672285277631899618050415161063584208606007459122642605578409718096519.log
Traces saved to ./proxy_data/traces/thurman/Simulation-63123500525171701194938356192302802792120488528475289126759558158057250017294.log
Traces saved to ./proxy_data/traces/thurman/Simulation-64941602207295345417778683498900115946130395427478415748572567578118652117258.log
🧹 Removed empty directory test/generated/thurman
Warning: 文件./proxy_data/traces/thurman/Simulation-78769237002385870351611080098168846788683094323488410270672065391261363110919.log中只找到一个 Trace
Trace saved to ./proxy_data/traces/thurman/Simulation-78769237002385870351611080098168846788683094323488410270672065391261363110919.json
Warning: 文件./proxy_data/traces/thurman/Simulation-63123500525171701194938356192302802792120488528475289126759558158057250017294.log中只找到一个 Trace
Trace saved to ./proxy_data/traces/thurman/Simulation-63123500525171701194938356192302802792120488528475289126759558158057250017294.json
Warning: 文件./proxy_data/traces/thurman/Simulation-64941602207295345417778683498900115946130395427478415748572567578118652117258.log中只找到一个 Trace
Trace saved to ./proxy_data/traces/thurman/Simulation-64941602207295345417778683498900115946130395427478415748572567578118652117258.json
Warning: 文件./proxy_data/traces/thurman/Simulation-56985063138928622959695514936222570491687653584381523205416119571242881949753.log中只找到一个 Trace
Trace saved to ./proxy_data/traces/thurman/Simulation-56985063138928622959695514936222570491687653584381523205416119571242881949753.json
Warning: 文件./proxy_data/traces/thurman/Simulation-8771068672285277631899618050415161063584208606007459122642605578409718096519.log中只找到一个 Trace
Trace saved to ./proxy_data/traces/thurman/Simulation-8771068672285277631899618050415161063584208606007459122642605578409718096519.json
All traces processed successfully!
🔧 Processing event-horizon-2...
Error running forge command: Command 'forge test --match-path test/generated/event-horizon-2/Simulation-88590456723110140271064468455260840454985195155155701048285749803253431193017.t.sol -vvvv > ./proxy_data/traces/event-horizon-2/Simulation-88590456723110140271064468455260840454985195155155701048285749803253431193017.log' returned non-zero exit status 1.
🧹 Removed empty directory test/generated/event-horizon-2
Warning: 文件./proxy_data/traces/event-horizon-2/Simulation-88590456723110140271064468455260840454985195155155701048285749803253431193017.log中只找到一个 Trace
Trace saved to ./proxy_data/traces/event-horizon-2/Simulation-88590456723110140271064468455260840454985195155155701048285749803253431193017.json
All traces processed successfully!
🔧 Processing dopewars...
Traces saved to ./proxy_data/traces/dopewars/Simulation-102002264798274141227122054390376679452839696014247849057047419956957467425631.log
Traces saved to ./proxy_data/traces/dopewars/Simulation-88702160413698520563166834242603633985091867792854920182260031261751083053092.log
Traces saved to ./proxy_data/traces/dopewars/Simulation-6450388463021445952368711532766591911978822233918865965355835262640346505613.log
Traces saved to ./proxy_data/traces/dopewars/Simulation-30885061680448958468182635510344373626527200061737232270074181769209560581737.log
Traces saved to ./proxy_data/traces/dopewars/Simulation-54204142656134553108992464755737900727946814092613382832861384408764607628402.log
🧹 Removed empty directory test/generated/dopewars
Warning: 文件./proxy_data/traces/dopewars/Simulation-88702160413698520563166834242603633985091867792854920182260031261751083053092.log中只找到一个 Trace
Trace saved to ./proxy_data/traces/dopewars/Simulation-88702160413698520563166834242603633985091867792854920182260031261751083053092.json
Warning: 文件./proxy_data/traces/dopewars/Simulation-30885061680448958468182635510344373626527200061737232270074181769209560581737.log中只找到一个 Trace
Trace saved to ./proxy_data/traces/dopewars/Simulation-30885061680448958468182635510344373626527200061737232270074181769209560581737.json
Warning: 文件./proxy_data/traces/dopewars/Simulation-6450388463021445952368711532766591911978822233918865965355835262640346505613.log中只找到一个 Trace
Trace saved to ./proxy_data/traces/dopewars/Simulation-6450388463021445952368711532766591911978822233918865965355835262640346505613.json
Warning: 文件./proxy_data/traces/dopewars/Simulation-54204142656134553108992464755737900727946814092613382832861384408764607628402.log中只找到一个 Trace
Trace saved to ./proxy_data/traces/dopewars/Simulation-54204142656134553108992464755737900727946814092613382832861384408764607628402.json
Warning: 文件./proxy_data/traces/dopewars/Simulation-102002264798274141227122054390376679452839696014247849057047419956957467425631.log中只找到一个 Trace
Trace saved to ./proxy_data/traces/dopewars/Simulation-102002264798274141227122054390376679452839696014247849057047419956957467425631.json
All traces processed successfully!
🔧 Processing nounsdao...
Error running forge command: Command 'forge test --match-path test/generated/nounsdao/Simulation-816.t.sol -vvvv > ./proxy_data/traces/nounsdao/Simulation-816.log' returned non-zero exit status 1.
Error running forge command: Command 'forge test --match-path test/generated/nounsdao/Simulation-817.t.sol -vvvv > ./proxy_data/traces/nounsdao/Simulation-817.log' returned non-zero exit status 1.
Error running forge command: Command 'forge test --match-path test/generated/nounsdao/Simulation-820.t.sol -vvvv > ./proxy_data/traces/nounsdao/Simulation-820.log' returned non-zero exit status 1.
Error running forge command: Command 'forge test --match-path test/generated/nounsdao/Simulation-818.t.sol -vvvv > ./proxy_data/traces/nounsdao/Simulation-818.log' returned non-zero exit status 1.
Error running forge command: Command 'forge test --match-path test/generated/nounsdao/Simulation-819.t.sol -vvvv > ./proxy_data/traces/nounsdao/Simulation-819.log' returned non-zero exit status 1.
🧹 Removed empty directory test/generated/nounsdao
Warning: 文件./proxy_data/traces/nounsdao/Simulation-820.log中只找到一个 Trace
Trace saved to ./proxy_data/traces/nounsdao/Simulation-820.json
Warning: 文件./proxy_data/traces/nounsdao/Simulation-819.log中只找到一个 Trace
Trace saved to ./proxy_data/traces/nounsdao/Simulation-819.json
Warning: 文件./proxy_data/traces/nounsdao/Simulation-817.log中只找到一个 Trace
Trace saved to ./proxy_data/traces/nounsdao/Simulation-817.json
Warning: 文件./proxy_data/traces/nounsdao/Simulation-818.log中只找到一个 Trace
Trace saved to ./proxy_data/traces/nounsdao/Simulation-818.json
Warning: 文件./proxy_data/traces/nounsdao/Simulation-816.log中只找到一个 Trace
Trace saved to ./proxy_data/traces/nounsdao/Simulation-816.json
All traces processed successfully!
🔧 Processing bifi...
Traces saved to ./proxy_data/traces/bifi/Simulation-5369187842687125360333103568929416345735233737520525422473081660679814793532.log
Traces saved to ./proxy_data/traces/bifi/Simulation-8130943129987389951270496492559230444726434390755311715246757367195519052529.log
Error running forge command: Command 'forge test --match-path test/generated/bifi/Simulation-57524025978435091354726392401945363669286961575269451308605908165485607312394.t.sol -vvvv > ./proxy_data/traces/bifi/Simulation-57524025978435091354726392401945363669286961575269451308605908165485607312394.log' returned non-zero exit status 1.
Traces saved to ./proxy_data/traces/bifi/Simulation-76638969999599457706627609317096897494131624338851457973420627050774898709038.log
Traces saved to ./proxy_data/traces/bifi/Simulation-75463716041963438422388246129041748240379654253951074860172288847311220275892.log
🧹 Removed empty directory test/generated/bifi
Warning: 文件./proxy_data/traces/bifi/Simulation-75463716041963438422388246129041748240379654253951074860172288847311220275892.log中只找到一个 Trace
Trace saved to ./proxy_data/traces/bifi/Simulation-75463716041963438422388246129041748240379654253951074860172288847311220275892.json
Warning: 文件./proxy_data/traces/bifi/Simulation-8130943129987389951270496492559230444726434390755311715246757367195519052529.log中只找到一个 Trace
Trace saved to ./proxy_data/traces/bifi/Simulation-8130943129987389951270496492559230444726434390755311715246757367195519052529.json
Warning: 文件./proxy_data/traces/bifi/Simulation-76638969999599457706627609317096897494131624338851457973420627050774898709038.log中只找到一个 Trace
Trace saved to ./proxy_data/traces/bifi/Simulation-76638969999599457706627609317096897494131624338851457973420627050774898709038.json
Warning: 文件./proxy_data/traces/bifi/Simulation-57524025978435091354726392401945363669286961575269451308605908165485607312394.log中只找到一个 Trace
Trace saved to ./proxy_data/traces/bifi/Simulation-57524025978435091354726392401945363669286961575269451308605908165485607312394.json
Warning: 文件./proxy_data/traces/bifi/Simulation-5369187842687125360333103568929416345735233737520525422473081660679814793532.log中只找到一个 Trace
Trace saved to ./proxy_data/traces/bifi/Simulation-5369187842687125360333103568929416345735233737520525422473081660679814793532.json
All traces processed successfully!
🔧 Processing armor...
Error running forge command: Command 'forge test --match-path test/generated/armor/Simulation-4.t.sol -vvvv > ./proxy_data/traces/armor/Simulation-4.log' returned non-zero exit status 1.
Error running forge command: Command 'forge test --match-path test/generated/armor/Simulation-6.t.sol -vvvv > ./proxy_data/traces/armor/Simulation-6.log' returned non-zero exit status 1.
Error running forge command: Command 'forge test --match-path test/generated/armor/Simulation-3.t.sol -vvvv > ./proxy_data/traces/armor/Simulation-3.log' returned non-zero exit status 1.
Error running forge command: Command 'forge test --match-path test/generated/armor/Simulation-5.t.sol -vvvv > ./proxy_data/traces/armor/Simulation-5.log' returned non-zero exit status 1.
Error running forge command: Command 'forge test --match-path test/generated/armor/Simulation-7.t.sol -vvvv > ./proxy_data/traces/armor/Simulation-7.log' returned non-zero exit status 1.
🧹 Removed empty directory test/generated/armor
Warning: 文件./proxy_data/traces/armor/Simulation-6.log中只找到一个 Trace
Trace saved to ./proxy_data/traces/armor/Simulation-6.json
Warning: 文件./proxy_data/traces/armor/Simulation-5.log中只找到一个 Trace
Trace saved to ./proxy_data/traces/armor/Simulation-5.json
Warning: 文件./proxy_data/traces/armor/Simulation-3.log中只找到一个 Trace
Trace saved to ./proxy_data/traces/armor/Simulation-3.json
Warning: 文件./proxy_data/traces/armor/Simulation-7.log中只找到一个 Trace
Trace saved to ./proxy_data/traces/armor/Simulation-7.json
Warning: 文件./proxy_data/traces/armor/Simulation-4.log中只找到一个 Trace
Trace saved to ./proxy_data/traces/armor/Simulation-4.json
All traces processed successfully!
🔧 Processing elyfi-34...
Error running forge command: Command 'forge test --match-path test/generated/elyfi-34/Simulation-106123248180578934146662457574713659066406481029731409089761995288943571096555.t.sol -vvvv > ./proxy_data/traces/elyfi-34/Simulation-106123248180578934146662457574713659066406481029731409089761995288943571096555.log' returned non-zero exit status 1.
Error running forge command: Command 'forge test --match-path test/generated/elyfi-34/Simulation-91596786700919662108427586548018250549521542381792033098056180392131054462580.t.sol -vvvv > ./proxy_data/traces/elyfi-34/Simulation-91596786700919662108427586548018250549521542381792033098056180392131054462580.log' returned non-zero exit status 1.
Error running forge command: Command 'forge test --match-path test/generated/elyfi-34/Simulation-109201568803107503068342099651032806936069271844093908237098810605075360326230.t.sol -vvvv > ./proxy_data/traces/elyfi-34/Simulation-109201568803107503068342099651032806936069271844093908237098810605075360326230.log' returned non-zero exit status 1.
Error running forge command: Command 'forge test --match-path test/generated/elyfi-34/Simulation-34118803500535080290956005734562907470813899214730583589463398443686869407835.t.sol -vvvv > ./proxy_data/traces/elyfi-34/Simulation-34118803500535080290956005734562907470813899214730583589463398443686869407835.log' returned non-zero exit status 1.
Error running forge command: Command 'forge test --match-path test/generated/elyfi-34/Simulation-64103832985040160452035850058833557780436838033263519467909777626822553564314.t.sol -vvvv > ./proxy_data/traces/elyfi-34/Simulation-64103832985040160452035850058833557780436838033263519467909777626822553564314.log' returned non-zero exit status 1.
🧹 Removed empty directory test/generated/elyfi-34
Warning: 文件./proxy_data/traces/elyfi-34/Simulation-91596786700919662108427586548018250549521542381792033098056180392131054462580.log中只找到一个 Trace
Trace saved to ./proxy_data/traces/elyfi-34/Simulation-91596786700919662108427586548018250549521542381792033098056180392131054462580.json
Warning: 文件./proxy_data/traces/elyfi-34/Simulation-106123248180578934146662457574713659066406481029731409089761995288943571096555.log中只找到一个 Trace
Trace saved to ./proxy_data/traces/elyfi-34/Simulation-106123248180578934146662457574713659066406481029731409089761995288943571096555.json
Warning: 文件./proxy_data/traces/elyfi-34/Simulation-64103832985040160452035850058833557780436838033263519467909777626822553564314.log中只找到一个 Trace
Trace saved to ./proxy_data/traces/elyfi-34/Simulation-64103832985040160452035850058833557780436838033263519467909777626822553564314.json
Warning: 文件./proxy_data/traces/elyfi-34/Simulation-109201568803107503068342099651032806936069271844093908237098810605075360326230.log中只找到一个 Trace
Trace saved to ./proxy_data/traces/elyfi-34/Simulation-109201568803107503068342099651032806936069271844093908237098810605075360326230.json
Warning: 文件./proxy_data/traces/elyfi-34/Simulation-34118803500535080290956005734562907470813899214730583589463398443686869407835.log中只找到一个 Trace
Trace saved to ./proxy_data/traces/elyfi-34/Simulation-34118803500535080290956005734562907470813899214730583589463398443686869407835.json
All traces processed successfully!
🔧 Processing unslashed...
Error running forge command: Command 'forge test --match-path test/generated/unslashed/Simulation-4.t.sol -vvvv > ./proxy_data/traces/unslashed/Simulation-4.log' returned non-zero exit status 1.
Error running forge command: Command 'forge test --match-path test/generated/unslashed/Simulation-6.t.sol -vvvv > ./proxy_data/traces/unslashed/Simulation-6.log' returned non-zero exit status 1.
Error running forge command: Command 'forge test --match-path test/generated/unslashed/Simulation-5.t.sol -vvvv > ./proxy_data/traces/unslashed/Simulation-5.log' returned non-zero exit status 1.
Error running forge command: Command 'forge test --match-path test/generated/unslashed/Simulation-7.t.sol -vvvv > ./proxy_data/traces/unslashed/Simulation-7.log' returned non-zero exit status 1.
Error running forge command: Command 'forge test --match-path test/generated/unslashed/Simulation-2.t.sol -vvvv > ./proxy_data/traces/unslashed/Simulation-2.log' returned non-zero exit status 1.
🧹 Removed empty directory test/generated/unslashed
Warning: 文件./proxy_data/traces/unslashed/Simulation-6.log中只找到一个 Trace
Trace saved to ./proxy_data/traces/unslashed/Simulation-6.json
Warning: 文件./proxy_data/traces/unslashed/Simulation-5.log中只找到一个 Trace
Trace saved to ./proxy_data/traces/unslashed/Simulation-5.json
Warning: 文件./proxy_data/traces/unslashed/Simulation-2.log中只找到一个 Trace
Trace saved to ./proxy_data/traces/unslashed/Simulation-2.json
Warning: 文件./proxy_data/traces/unslashed/Simulation-7.log中只找到一个 Trace
Trace saved to ./proxy_data/traces/unslashed/Simulation-7.json
Warning: 文件./proxy_data/traces/unslashed/Simulation-4.log中只找到一个 Trace
Trace saved to ./proxy_data/traces/unslashed/Simulation-4.json
All traces processed successfully!
🔧 Processing test-abcd-2...
Traces saved to ./proxy_data/traces/test-abcd-2/Simulation-71067312533176237472037552621881874319688857993334523197842502359775199723462.log
Traces saved to ./proxy_data/traces/test-abcd-2/Simulation-52164992390656120260056899784610629530721703846294553317960763177958390420954.log
🧹 Removed empty directory test/generated/test-abcd-2
Warning: 文件./proxy_data/traces/test-abcd-2/Simulation-52164992390656120260056899784610629530721703846294553317960763177958390420954.log中只找到一个 Trace
Trace saved to ./proxy_data/traces/test-abcd-2/Simulation-52164992390656120260056899784610629530721703846294553317960763177958390420954.json
Warning: 文件./proxy_data/traces/test-abcd-2/Simulation-71067312533176237472037552621881874319688857993334523197842502359775199723462.log中只找到一个 Trace
Trace saved to ./proxy_data/traces/test-abcd-2/Simulation-71067312533176237472037552621881874319688857993334523197842502359775199723462.json
All traces processed successfully!
🔧 Processing t-abcd-3...
Error running forge command: Command 'forge test --match-path test/generated/t-abcd-3/Simulation-58595479953439236281493753375373362027590917915888053611824959198013302568986.t.sol -vvvv > ./proxy_data/traces/t-abcd-3/Simulation-58595479953439236281493753375373362027590917915888053611824959198013302568986.log' returned non-zero exit status 1.
🧹 Removed empty directory test/generated/t-abcd-3
Warning: 文件./proxy_data/traces/t-abcd-3/Simulation-58595479953439236281493753375373362027590917915888053611824959198013302568986.log中只找到一个 Trace
Trace saved to ./proxy_data/traces/t-abcd-3/Simulation-58595479953439236281493753375373362027590917915888053611824959198013302568986.json
All traces processed successfully!
🔧 Processing lybra-dao...
Error running forge command: Command 'forge test --match-path test/generated/lybra-dao/Simulation-62552929793414263319234155949567964156834114082605876367557457574604555557162.t.sol -vvvv > ./proxy_data/traces/lybra-dao/Simulation-62552929793414263319234155949567964156834114082605876367557457574604555557162.log' returned non-zero exit status 1.
🧹 Removed empty directory test/generated/lybra-dao
Warning: 文件./proxy_data/traces/lybra-dao/Simulation-62552929793414263319234155949567964156834114082605876367557457574604555557162.log中只找到一个 Trace
Trace saved to ./proxy_data/traces/lybra-dao/Simulation-62552929793414263319234155949567964156834114082605876367557457574604555557162.json
All traces processed successfully!
🔧 Processing 3t-governance...
Traces saved to ./proxy_data/traces/3t-governance/Simulation-60528685245089680252356384274332114058661634753956925119942539290059541012038.log
Traces saved to ./proxy_data/traces/3t-governance/Simulation-41632372001569423340828244962133918734355607849681941031947045938372040781930.log
Traces saved to ./proxy_data/traces/3t-governance/Simulation-40728944642090322411114315167421310008825321119658284138746245766725673789618.log
Error running forge command: Command 'forge test --match-path test/generated/3t-governance/Simulation-15357402353723267042604907177181754986517242420543166781264868901822454902120.t.sol -vvvv > ./proxy_data/traces/3t-governance/Simulation-15357402353723267042604907177181754986517242420543166781264868901822454902120.log' returned non-zero exit status 1.
Error running forge command: Command 'forge test --match-path test/generated/3t-governance/Simulation-20810638381510268068241588555806231509847181500131157462045923732599461678644.t.sol -vvvv > ./proxy_data/traces/3t-governance/Simulation-20810638381510268068241588555806231509847181500131157462045923732599461678644.log' returned non-zero exit status 1.
🧹 Removed empty directory test/generated/3t-governance
Warning: 文件./proxy_data/traces/3t-governance/Simulation-41632372001569423340828244962133918734355607849681941031947045938372040781930.log中只找到一个 Trace
Trace saved to ./proxy_data/traces/3t-governance/Simulation-41632372001569423340828244962133918734355607849681941031947045938372040781930.json
Warning: 文件./proxy_data/traces/3t-governance/Simulation-2115923699691573208037435201080983076220730159057131478999031891331216463922.log中只找到一个 Trace
Trace saved to ./proxy_data/traces/3t-governance/Simulation-2115923699691573208037435201080983076220730159057131478999031891331216463922.json
Warning: 文件./proxy_data/traces/3t-governance/Simulation-20810638381510268068241588555806231509847181500131157462045923732599461678644.log中只找到一个 Trace
Trace saved to ./proxy_data/traces/3t-governance/Simulation-20810638381510268068241588555806231509847181500131157462045923732599461678644.json
Warning: 文件./proxy_data/traces/3t-governance/Simulation-15357402353723267042604907177181754986517242420543166781264868901822454902120.log中只找到一个 Trace
Trace saved to ./proxy_data/traces/3t-governance/Simulation-15357402353723267042604907177181754986517242420543166781264868901822454902120.json
Warning: 文件./proxy_data/traces/3t-governance/Simulation-40728944642090322411114315167421310008825321119658284138746245766725673789618.log中只找到一个 Trace
Trace saved to ./proxy_data/traces/3t-governance/Simulation-40728944642090322411114315167421310008825321119658284138746245766725673789618.json
Warning: 文件./proxy_data/traces/3t-governance/Simulation-60528685245089680252356384274332114058661634753956925119942539290059541012038.log中只找到一个 Trace
Trace saved to ./proxy_data/traces/3t-governance/Simulation-60528685245089680252356384274332114058661634753956925119942539290059541012038.json
All traces processed successfully!
🔧 Processing test-dao-01...
Traces saved to ./proxy_data/traces/test-dao-01/Simulation-41790769718239389887033049188211190400082370822701893479147327720347848091588.log
Traces saved to ./proxy_data/traces/test-dao-01/Simulation-53414529235799898083617221062730770073249816214807421921311111353014979876356.log
Error running forge command: Command 'forge test --match-path test/generated/test-dao-01/Simulation-57782333271878875745096906637757086022564241846933544362699125761643627581755.t.sol -vvvv > ./proxy_data/traces/test-dao-01/Simulation-57782333271878875745096906637757086022564241846933544362699125761643627581755.log' returned non-zero exit status 1.
Traces saved to ./proxy_data/traces/test-dao-01/Simulation-66483167631645192034744886505123327393184823605810375001745698491663113592654.log
🧹 Removed empty directory test/generated/test-dao-01
Warning: 文件./proxy_data/traces/test-dao-01/Simulation-66483167631645192034744886505123327393184823605810375001745698491663113592654.log中只找到一个 Trace
Trace saved to ./proxy_data/traces/test-dao-01/Simulation-66483167631645192034744886505123327393184823605810375001745698491663113592654.json
Warning: 文件./proxy_data/traces/test-dao-01/Simulation-41790769718239389887033049188211190400082370822701893479147327720347848091588.log中只找到一个 Trace
Trace saved to ./proxy_data/traces/test-dao-01/Simulation-41790769718239389887033049188211190400082370822701893479147327720347848091588.json
Warning: 文件./proxy_data/traces/test-dao-01/Simulation-57782333271878875745096906637757086022564241846933544362699125761643627581755.log中只找到一个 Trace
Trace saved to ./proxy_data/traces/test-dao-01/Simulation-57782333271878875745096906637757086022564241846933544362699125761643627581755.json
Warning: 文件./proxy_data/traces/test-dao-01/Simulation-53414529235799898083617221062730770073249816214807421921311111353014979876356.log中只找到一个 Trace
Trace saved to ./proxy_data/traces/test-dao-01/Simulation-53414529235799898083617221062730770073249816214807421921311111353014979876356.json
All traces processed successfully!
🔧 Processing testdao-10...
Traces saved to ./proxy_data/traces/testdao-10/Simulation-77224685488333611867244014307092224679283218684402136194990986000880081133429.log
Traces saved to ./proxy_data/traces/testdao-10/Simulation-73630156628499771722963072596677320643022319504310491294490381991852409516246.log
🧹 Removed empty directory test/generated/testdao-10
Warning: 文件./proxy_data/traces/testdao-10/Simulation-73630156628499771722963072596677320643022319504310491294490381991852409516246.log中只找到一个 Trace
Trace saved to ./proxy_data/traces/testdao-10/Simulation-73630156628499771722963072596677320643022319504310491294490381991852409516246.json
Warning: 文件./proxy_data/traces/testdao-10/Simulation-77224685488333611867244014307092224679283218684402136194990986000880081133429.log中只找到一个 Trace
Trace saved to ./proxy_data/traces/testdao-10/Simulation-77224685488333611867244014307092224679283218684402136194990986000880081133429.json
All traces processed successfully!
🔧 Processing usdc-plus...
Error running forge command: Command 'forge test --match-path test/generated/usdc-plus/Simulation-54916772238501784736318600879157085897541393792126532082534278350843908969279.t.sol -vvvv > ./proxy_data/traces/usdc-plus/Simulation-54916772238501784736318600879157085897541393792126532082534278350843908969279.log' returned non-zero exit status 1.
Error running forge command: Command 'forge test --match-path test/generated/usdc-plus/Simulation-12876024068363427848525287760865002864053637462489387361729238779570291305985.t.sol -vvvv > ./proxy_data/traces/usdc-plus/Simulation-12876024068363427848525287760865002864053637462489387361729238779570291305985.log' returned non-zero exit status 1.
🧹 Removed empty directory test/generated/usdc-plus
Warning: 文件./proxy_data/traces/usdc-plus/Simulation-12876024068363427848525287760865002864053637462489387361729238779570291305985.log中只找到一个 Trace
Trace saved to ./proxy_data/traces/usdc-plus/Simulation-12876024068363427848525287760865002864053637462489387361729238779570291305985.json
Warning: 文件./proxy_data/traces/usdc-plus/Simulation-54916772238501784736318600879157085897541393792126532082534278350843908969279.log中只找到一个 Trace
Trace saved to ./proxy_data/traces/usdc-plus/Simulation-54916772238501784736318600879157085897541393792126532082534278350843908969279.json
All traces processed successfully!
🔧 Processing degendao-860...
Error running forge command: Command 'forge test --match-path test/generated/degendao-860/Simulation-24329674432679687408185167459375641074905196724086249396681845010042940298746.t.sol -vvvv > ./proxy_data/traces/degendao-860/Simulation-24329674432679687408185167459375641074905196724086249396681845010042940298746.log' returned non-zero exit status 1.
🧹 Removed empty directory test/generated/degendao-860
Warning: 文件./proxy_data/traces/degendao-860/Simulation-24329674432679687408185167459375641074905196724086249396681845010042940298746.log中只找到一个 Trace
Trace saved to ./proxy_data/traces/degendao-860/Simulation-24329674432679687408185167459375641074905196724086249396681845010042940298746.json
All traces processed successfully!
🔧 Processing xld-890...
🧹 Removed empty directory test/generated/xld-890
⚠️ No output trace for xld-890, skipped formatting.
🔧 Processing cryptoflx-911...
Error running forge command: Command 'forge test --match-path test/generated/cryptoflx-911/Simulation-66611832673262959097228474310437670221894776532833195598783466426196521180277.t.sol -vvvv > ./proxy_data/traces/cryptoflx-911/Simulation-66611832673262959097228474310437670221894776532833195598783466426196521180277.log' returned non-zero exit status 1.
Error running forge command: Command 'forge test --match-path test/generated/cryptoflx-911/Simulation-93118973456227419257291077189802615201174535984065103684723309331532094138150.t.sol -vvvv > ./proxy_data/traces/cryptoflx-911/Simulation-93118973456227419257291077189802615201174535984065103684723309331532094138150.log' returned non-zero exit status 1.
🧹 Removed empty directory test/generated/cryptoflx-911
Warning: 文件./proxy_data/traces/cryptoflx-911/Simulation-93118973456227419257291077189802615201174535984065103684723309331532094138150.log中只找到一个 Trace
Trace saved to ./proxy_data/traces/cryptoflx-911/Simulation-93118973456227419257291077189802615201174535984065103684723309331532094138150.json
Warning: 文件./proxy_data/traces/cryptoflx-911/Simulation-66611832673262959097228474310437670221894776532833195598783466426196521180277.log中只找到一个 Trace
Trace saved to ./proxy_data/traces/cryptoflx-911/Simulation-66611832673262959097228474310437670221894776532833195598783466426196521180277.json
All traces processed successfully!
🔧 Processing 33dao-918...
Error running forge command: Command 'forge test --match-path test/generated/33dao-918/Simulation-11580328797749772256601628717357685370159864438012030107153903802715698512151.t.sol -vvvv > ./proxy_data/traces/33dao-918/Simulation-11580328797749772256601628717357685370159864438012030107153903802715698512151.log' returned non-zero exit status 1.
🧹 Removed empty directory test/generated/33dao-918
Warning: 文件./proxy_data/traces/33dao-918/Simulation-11580328797749772256601628717357685370159864438012030107153903802715698512151.log中只找到一个 Trace
Trace saved to ./proxy_data/traces/33dao-918/Simulation-11580328797749772256601628717357685370159864438012030107153903802715698512151.json
All traces processed successfully!
🔧 Processing keadedaogovernance-949...
Error running forge command: Command 'forge test --match-path test/generated/keadedaogovernance-949/Simulation-41536078463749874621521327252255636842049422522242247464380805204517700839342.t.sol -vvvv > ./proxy_data/traces/keadedaogovernance-949/Simulation-41536078463749874621521327252255636842049422522242247464380805204517700839342.log' returned non-zero exit status 1.
🧹 Removed empty directory test/generated/keadedaogovernance-949
Warning: 文件./proxy_data/traces/keadedaogovernance-949/Simulation-41536078463749874621521327252255636842049422522242247464380805204517700839342.log中只找到一个 Trace
Trace saved to ./proxy_data/traces/keadedaogovernance-949/Simulation-41536078463749874621521327252255636842049422522242247464380805204517700839342.json
All traces processed successfully!
🔧 Processing jieyangxiaoxue-956...
Error running forge command: Command 'forge test --match-path test/generated/jieyangxiaoxue-956/Simulation-56981855724832667791818573771246861038315609817224728667359964117083247995180.t.sol -vvvv > ./proxy_data/traces/jieyangxiaoxue-956/Simulation-56981855724832667791818573771246861038315609817224728667359964117083247995180.log' returned non-zero exit status 1.
🧹 Removed empty directory test/generated/jieyangxiaoxue-956
Warning: 文件./proxy_data/traces/jieyangxiaoxue-956/Simulation-56981855724832667791818573771246861038315609817224728667359964117083247995180.log中只找到一个 Trace
Trace saved to ./proxy_data/traces/jieyangxiaoxue-956/Simulation-56981855724832667791818573771246861038315609817224728667359964117083247995180.json
All traces processed successfully!
🔧 Processing onepiecedao-977...
Error running forge command: Command 'forge test --match-path test/generated/onepiecedao-977/Simulation-80661202805250785825066508346671484239157092807465211743245979783426649479501.t.sol -vvvv > ./proxy_data/traces/onepiecedao-977/Simulation-80661202805250785825066508346671484239157092807465211743245979783426649479501.log' returned non-zero exit status 1.
🧹 Removed empty directory test/generated/onepiecedao-977
Warning: 文件./proxy_data/traces/onepiecedao-977/Simulation-80661202805250785825066508346671484239157092807465211743245979783426649479501.log中只找到一个 Trace
Trace saved to ./proxy_data/traces/onepiecedao-977/Simulation-80661202805250785825066508346671484239157092807465211743245979783426649479501.json
All traces processed successfully!
🔧 Processing tdm-995...
🧹 Removed empty directory test/generated/tdm-995
⚠️ No output trace for tdm-995, skipped formatting.
🔧 Processing kuiqianbar-1032...
Error running forge command: Command 'forge test --match-path test/generated/kuiqianbar-1032/Simulation-4340744101303557436912440134107209186856268888838177920923552913875763033195.t.sol -vvvv > ./proxy_data/traces/kuiqianbar-1032/Simulation-4340744101303557436912440134107209186856268888838177920923552913875763033195.log' returned non-zero exit status 1.
🧹 Removed empty directory test/generated/kuiqianbar-1032
Warning: 文件./proxy_data/traces/kuiqianbar-1032/Simulation-4340744101303557436912440134107209186856268888838177920923552913875763033195.log中只找到一个 Trace
Trace saved to ./proxy_data/traces/kuiqianbar-1032/Simulation-4340744101303557436912440134107209186856268888838177920923552913875763033195.json
All traces processed successfully!
🔧 Processing zhongqiu-1161...
Error running forge command: Command 'forge test --match-path test/generated/zhongqiu-1161/Simulation-9374239653971947970308507092103074317444446833228780142332790345152675154693.t.sol -vvvv > ./proxy_data/traces/zhongqiu-1161/Simulation-9374239653971947970308507092103074317444446833228780142332790345152675154693.log' returned non-zero exit status 1.
🧹 Removed empty directory test/generated/zhongqiu-1161
Warning: 文件./proxy_data/traces/zhongqiu-1161/Simulation-9374239653971947970308507092103074317444446833228780142332790345152675154693.log中只找到一个 Trace
Trace saved to ./proxy_data/traces/zhongqiu-1161/Simulation-9374239653971947970308507092103074317444446833228780142332790345152675154693.json
All traces processed successfully!
🔧 Processing kishibe-eth-1171...
Error running forge command: Command 'forge test --match-path test/generated/kishibe-eth-1171/Simulation-48453617453098045944899873903783559721486178387066466425250074782667814235090.t.sol -vvvv > ./proxy_data/traces/kishibe-eth-1171/Simulation-48453617453098045944899873903783559721486178387066466425250074782667814235090.log' returned non-zero exit status 1.
🧹 Removed empty directory test/generated/kishibe-eth-1171
Warning: 文件./proxy_data/traces/kishibe-eth-1171/Simulation-48453617453098045944899873903783559721486178387066466425250074782667814235090.log中只找到一个 Trace
Trace saved to ./proxy_data/traces/kishibe-eth-1171/Simulation-48453617453098045944899873903783559721486178387066466425250074782667814235090.json
All traces processed successfully!
🔧 Processing galaxy-eth-1174...
Error running forge command: Command 'forge test --match-path test/generated/galaxy-eth-1174/Simulation-104151808701226830128547062603653716984556785068014628365601539107020000763557.t.sol -vvvv > ./proxy_data/traces/galaxy-eth-1174/Simulation-104151808701226830128547062603653716984556785068014628365601539107020000763557.log' returned non-zero exit status 1.
🧹 Removed empty directory test/generated/galaxy-eth-1174
Warning: 文件./proxy_data/traces/galaxy-eth-1174/Simulation-104151808701226830128547062603653716984556785068014628365601539107020000763557.log中只找到一个 Trace
Trace saved to ./proxy_data/traces/galaxy-eth-1174/Simulation-104151808701226830128547062603653716984556785068014628365601539107020000763557.json
All traces processed successfully!
🔧 Processing kekes-first-dao-1168...
Error running forge command: Command 'forge test --match-path test/generated/kekes-first-dao-1168/Simulation-11132223717898623199079604746621123134045371034035948234366723023607641210051.t.sol -vvvv > ./proxy_data/traces/kekes-first-dao-1168/Simulation-11132223717898623199079604746621123134045371034035948234366723023607641210051.log' returned non-zero exit status 1.
Error running forge command: Command 'forge test --match-path test/generated/kekes-first-dao-1168/Simulation-103924984676382254060148993941054887984186249048097846377493680410306561278252.t.sol -vvvv > ./proxy_data/traces/kekes-first-dao-1168/Simulation-103924984676382254060148993941054887984186249048097846377493680410306561278252.log' returned non-zero exit status 1.
Error running forge command: Command 'forge test --match-path test/generated/kekes-first-dao-1168/Simulation-13685423326040125921675851658558176795986983475379835726929631928701017846265.t.sol -vvvv > ./proxy_data/traces/kekes-first-dao-1168/Simulation-13685423326040125921675851658558176795986983475379835726929631928701017846265.log' returned non-zero exit status 1.
Error running forge command: Command 'forge test --match-path test/generated/kekes-first-dao-1168/Simulation-113215725875595060456419966692996421799949023403952671045708526338889025705448.t.sol -vvvv > ./proxy_data/traces/kekes-first-dao-1168/Simulation-113215725875595060456419966692996421799949023403952671045708526338889025705448.log' returned non-zero exit status 1.
🧹 Removed empty directory test/generated/kekes-first-dao-1168
Warning: 文件./proxy_data/traces/kekes-first-dao-1168/Simulation-13685423326040125921675851658558176795986983475379835726929631928701017846265.log中只找到一个 Trace
Trace saved to ./proxy_data/traces/kekes-first-dao-1168/Simulation-13685423326040125921675851658558176795986983475379835726929631928701017846265.json
Warning: 文件./proxy_data/traces/kekes-first-dao-1168/Simulation-11132223717898623199079604746621123134045371034035948234366723023607641210051.log中只找到一个 Trace
Trace saved to ./proxy_data/traces/kekes-first-dao-1168/Simulation-11132223717898623199079604746621123134045371034035948234366723023607641210051.json
Warning: 文件./proxy_data/traces/kekes-first-dao-1168/Simulation-103924984676382254060148993941054887984186249048097846377493680410306561278252.log中只找到一个 Trace
Trace saved to ./proxy_data/traces/kekes-first-dao-1168/Simulation-103924984676382254060148993941054887984186249048097846377493680410306561278252.json
Warning: 文件./proxy_data/traces/kekes-first-dao-1168/Simulation-113215725875595060456419966692996421799949023403952671045708526338889025705448.log中只找到一个 Trace
Trace saved to ./proxy_data/traces/kekes-first-dao-1168/Simulation-113215725875595060456419966692996421799949023403952671045708526338889025705448.json
All traces processed successfully!
🔧 Processing ease-1226...
Traces saved to ./proxy_data/traces/ease-1226/Simulation-22.log
Traces saved to ./proxy_data/traces/ease-1226/Simulation-19.log
Traces saved to ./proxy_data/traces/ease-1226/Simulation-20.log
Traces saved to ./proxy_data/traces/ease-1226/Simulation-21.log
Traces saved to ./proxy_data/traces/ease-1226/Simulation-18.log
🧹 Removed empty directory test/generated/ease-1226
Warning: 文件./proxy_data/traces/ease-1226/Simulation-18.log中只找到一个 Trace
Trace saved to ./proxy_data/traces/ease-1226/Simulation-18.json
Warning: 文件./proxy_data/traces/ease-1226/Simulation-20.log中只找到一个 Trace
Trace saved to ./proxy_data/traces/ease-1226/Simulation-20.json
Warning: 文件./proxy_data/traces/ease-1226/Simulation-21.log中只找到一个 Trace
Trace saved to ./proxy_data/traces/ease-1226/Simulation-21.json
Warning: 文件./proxy_data/traces/ease-1226/Simulation-19.log中只找到一个 Trace
Trace saved to ./proxy_data/traces/ease-1226/Simulation-19.json
Warning: 文件./proxy_data/traces/ease-1226/Simulation-22.log中只找到一个 Trace
Trace saved to ./proxy_data/traces/ease-1226/Simulation-22.json
All traces processed successfully!
🔧 Processing nft-marketplace-dao-1232...
Traces saved to ./proxy_data/traces/nft-marketplace-dao-1232/Simulation-92655929428486281564953416222624973230779307098215088236936407605219472101202.log
Traces saved to ./proxy_data/traces/nft-marketplace-dao-1232/Simulation-51967334599078808944077039939456089586275265578136194006586270338803252729975.log
Traces saved to ./proxy_data/traces/nft-marketplace-dao-1232/Simulation-38912639428870443702769728151115575920854056489779350127595058317572755021503.log
🧹 Removed empty directory test/generated/nft-marketplace-dao-1232
Warning: 文件./proxy_data/traces/nft-marketplace-dao-1232/Simulation-38912639428870443702769728151115575920854056489779350127595058317572755021503.log中只找到一个 Trace
Trace saved to ./proxy_data/traces/nft-marketplace-dao-1232/Simulation-38912639428870443702769728151115575920854056489779350127595058317572755021503.json
Warning: 文件./proxy_data/traces/nft-marketplace-dao-1232/Simulation-51967334599078808944077039939456089586275265578136194006586270338803252729975.log中只找到一个 Trace
Trace saved to ./proxy_data/traces/nft-marketplace-dao-1232/Simulation-51967334599078808944077039939456089586275265578136194006586270338803252729975.json
Warning: 文件./proxy_data/traces/nft-marketplace-dao-1232/Simulation-92655929428486281564953416222624973230779307098215088236936407605219472101202.log中只找到一个 Trace
Trace saved to ./proxy_data/traces/nft-marketplace-dao-1232/Simulation-92655929428486281564953416222624973230779307098215088236936407605219472101202.json
All traces processed successfully!
🔧 Processing graveyard-dao-45...
Error running forge command: Command 'forge test --match-path test/generated/graveyard-dao-45/Simulation-87302586139893058630868925244723905407802788290618349989405394938877403561075.t.sol -vvvv > ./proxy_data/traces/graveyard-dao-45/Simulation-87302586139893058630868925244723905407802788290618349989405394938877403561075.log' returned non-zero exit status 1.
🧹 Removed empty directory test/generated/graveyard-dao-45
Warning: 文件./proxy_data/traces/graveyard-dao-45/Simulation-87302586139893058630868925244723905407802788290618349989405394938877403561075.log中只找到一个 Trace
Trace saved to ./proxy_data/traces/graveyard-dao-45/Simulation-87302586139893058630868925244723905407802788290618349989405394938877403561075.json
All traces processed successfully!
🔧 Processing sunmeta-1262...
Error running forge command: Command 'forge test --match-path test/generated/sunmeta-1262/Simulation-72647243740357708244439029939045292427979036861178564805661882254082348728125.t.sol -vvvv > ./proxy_data/traces/sunmeta-1262/Simulation-72647243740357708244439029939045292427979036861178564805661882254082348728125.log' returned non-zero exit status 1.
🧹 Removed empty directory test/generated/sunmeta-1262
Warning: 文件./proxy_data/traces/sunmeta-1262/Simulation-72647243740357708244439029939045292427979036861178564805661882254082348728125.log中只找到一个 Trace
Trace saved to ./proxy_data/traces/sunmeta-1262/Simulation-72647243740357708244439029939045292427979036861178564805661882254082348728125.json
All traces processed successfully!
🔧 Processing bahli-1263...
Error running forge command: Command 'forge test --match-path test/generated/bahli-1263/Simulation-58671462682815337265609730698330376415519452174517949398018574935117259799742.t.sol -vvvv > ./proxy_data/traces/bahli-1263/Simulation-58671462682815337265609730698330376415519452174517949398018574935117259799742.log' returned non-zero exit status 1.
Error running forge command: Command 'forge test --match-path test/generated/bahli-1263/Simulation-109940812236753696362836411098371566403687961052528692764644840209724532925428.t.sol -vvvv > ./proxy_data/traces/bahli-1263/Simulation-109940812236753696362836411098371566403687961052528692764644840209724532925428.log' returned non-zero exit status 1.
🧹 Removed empty directory test/generated/bahli-1263
Warning: 文件./proxy_data/traces/bahli-1263/Simulation-109940812236753696362836411098371566403687961052528692764644840209724532925428.log中只找到一个 Trace
Trace saved to ./proxy_data/traces/bahli-1263/Simulation-109940812236753696362836411098371566403687961052528692764644840209724532925428.json
Warning: 文件./proxy_data/traces/bahli-1263/Simulation-58671462682815337265609730698330376415519452174517949398018574935117259799742.log中只找到一个 Trace
Trace saved to ./proxy_data/traces/bahli-1263/Simulation-58671462682815337265609730698330376415519452174517949398018574935117259799742.json
All traces processed successfully!
🔧 Processing babushediao369-1212...
Error running forge command: Command 'forge test --match-path test/generated/babushediao369-1212/Simulation-60359558276381624586348871088402924318232660019571079092535769024869943029705.t.sol -vvvv > ./proxy_data/traces/babushediao369-1212/Simulation-60359558276381624586348871088402924318232660019571079092535769024869943029705.log' returned non-zero exit status 1.
🧹 Removed empty directory test/generated/babushediao369-1212
Warning: 文件./proxy_data/traces/babushediao369-1212/Simulation-60359558276381624586348871088402924318232660019571079092535769024869943029705.log中只找到一个 Trace
Trace saved to ./proxy_data/traces/babushediao369-1212/Simulation-60359558276381624586348871088402924318232660019571079092535769024869943029705.json
All traces processed successfully!
🔧 Processing starbull-dao-1301...
Error running forge command: Command 'forge test --match-path test/generated/starbull-dao-1301/Simulation-37160216158864937122829853822074091820696096145281074193330911319820693570272.t.sol -vvvv > ./proxy_data/traces/starbull-dao-1301/Simulation-37160216158864937122829853822074091820696096145281074193330911319820693570272.log' returned non-zero exit status 1.
🧹 Removed empty directory test/generated/starbull-dao-1301
Warning: 文件./proxy_data/traces/starbull-dao-1301/Simulation-37160216158864937122829853822074091820696096145281074193330911319820693570272.log中只找到一个 Trace
Trace saved to ./proxy_data/traces/starbull-dao-1301/Simulation-37160216158864937122829853822074091820696096145281074193330911319820693570272.json
All traces processed successfully!
🔧 Processing defifa-world-cup-2022-52...
Error running forge command: Command 'forge test --match-path test/generated/defifa-world-cup-2022-52/Simulation-7533219834394358819719449357020654009039950416037093133221873204016409854506.t.sol -vvvv > ./proxy_data/traces/defifa-world-cup-2022-52/Simulation-7533219834394358819719449357020654009039950416037093133221873204016409854506.log' returned non-zero exit status 1.
Error running forge command: Command 'forge test --match-path test/generated/defifa-world-cup-2022-52/Simulation-19835051876113852217162805774327701309306322804695753670414632902206408348733.t.sol -vvvv > ./proxy_data/traces/defifa-world-cup-2022-52/Simulation-19835051876113852217162805774327701309306322804695753670414632902206408348733.log' returned non-zero exit status 1.
Error running forge command: Command 'forge test --match-path test/generated/defifa-world-cup-2022-52/Simulation-47647594705393598856037677594549272739231298801613485680999519900573460583360.t.sol -vvvv > ./proxy_data/traces/defifa-world-cup-2022-52/Simulation-47647594705393598856037677594549272739231298801613485680999519900573460583360.log' returned non-zero exit status 1.
🧹 Removed empty directory test/generated/defifa-world-cup-2022-52
Warning: 文件./proxy_data/traces/defifa-world-cup-2022-52/Simulation-7533219834394358819719449357020654009039950416037093133221873204016409854506.log中只找到一个 Trace
Trace saved to ./proxy_data/traces/defifa-world-cup-2022-52/Simulation-7533219834394358819719449357020654009039950416037093133221873204016409854506.json
Warning: 文件./proxy_data/traces/defifa-world-cup-2022-52/Simulation-19835051876113852217162805774327701309306322804695753670414632902206408348733.log中只找到一个 Trace
Trace saved to ./proxy_data/traces/defifa-world-cup-2022-52/Simulation-19835051876113852217162805774327701309306322804695753670414632902206408348733.json
Warning: 文件./proxy_data/traces/defifa-world-cup-2022-52/Simulation-47647594705393598856037677594549272739231298801613485680999519900573460583360.log中只找到一个 Trace
Trace saved to ./proxy_data/traces/defifa-world-cup-2022-52/Simulation-47647594705393598856037677594549272739231298801613485680999519900573460583360.json
All traces processed successfully!
🔧 Processing ethsdwhvip-1255...
Error running forge command: Command 'forge test --match-path test/generated/ethsdwhvip-1255/Simulation-17370909559851273517030495424002196546683971219368017172796566447873799045291.t.sol -vvvv > ./proxy_data/traces/ethsdwhvip-1255/Simulation-17370909559851273517030495424002196546683971219368017172796566447873799045291.log' returned non-zero exit status 1.
Error running forge command: Command 'forge test --match-path test/generated/ethsdwhvip-1255/Simulation-71953288718522868243813077009060940825578704330017386873002750499659818007612.t.sol -vvvv > ./proxy_data/traces/ethsdwhvip-1255/Simulation-71953288718522868243813077009060940825578704330017386873002750499659818007612.log' returned non-zero exit status 1.
🧹 Removed empty directory test/generated/ethsdwhvip-1255
Warning: 文件./proxy_data/traces/ethsdwhvip-1255/Simulation-17370909559851273517030495424002196546683971219368017172796566447873799045291.log中只找到一个 Trace
Trace saved to ./proxy_data/traces/ethsdwhvip-1255/Simulation-17370909559851273517030495424002196546683971219368017172796566447873799045291.json
Warning: 文件./proxy_data/traces/ethsdwhvip-1255/Simulation-71953288718522868243813077009060940825578704330017386873002750499659818007612.log中只找到一个 Trace
Trace saved to ./proxy_data/traces/ethsdwhvip-1255/Simulation-71953288718522868243813077009060940825578704330017386873002750499659818007612.json
All traces processed successfully!
🔧 Processing idle...
Traces saved to ./proxy_data/traces/idle/Simulation-39.log
Traces saved to ./proxy_data/traces/idle/Simulation-42.log
Traces saved to ./proxy_data/traces/idle/Simulation-40.log
Traces saved to ./proxy_data/traces/idle/Simulation-38.log
Traces saved to ./proxy_data/traces/idle/Simulation-41.log
🧹 Removed empty directory test/generated/idle
Warning: 文件./proxy_data/traces/idle/Simulation-42.log中只找到一个 Trace
Trace saved to ./proxy_data/traces/idle/Simulation-42.json
Warning: 文件./proxy_data/traces/idle/Simulation-39.log中只找到一个 Trace
Trace saved to ./proxy_data/traces/idle/Simulation-39.json
Warning: 文件./proxy_data/traces/idle/Simulation-40.log中只找到一个 Trace
Trace saved to ./proxy_data/traces/idle/Simulation-40.json
Warning: 文件./proxy_data/traces/idle/Simulation-38.log中只找到一个 Trace
Trace saved to ./proxy_data/traces/idle/Simulation-38.json
Warning: 文件./proxy_data/traces/idle/Simulation-41.log中只找到一个 Trace
Trace saved to ./proxy_data/traces/idle/Simulation-41.json
All traces processed successfully!
🔧 Processing hop...
Traces saved to ./proxy_data/traces/hop/Simulation-100969999281593667256940973842942833194586799619428402879708708448088810673989.log
Error running forge command: Command 'forge test --match-path test/generated/hop/Simulation-101554946215453349690249168081105244782573117970456961474022503327009394160932.t.sol -vvvv > ./proxy_data/traces/hop/Simulation-101554946215453349690249168081105244782573117970456961474022503327009394160932.log' returned non-zero exit status 1.
Error running forge command: Command 'forge test --match-path test/generated/hop/Simulation-111395487578770984595433068329328613141699421232248238624615480340066387230684.t.sol -vvvv > ./proxy_data/traces/hop/Simulation-111395487578770984595433068329328613141699421232248238624615480340066387230684.log' returned non-zero exit status 1.
Error running forge command: Command 'forge test --match-path test/generated/hop/Simulation-114834095316819367752457382978722571068850159829764853513197263236546715801279.t.sol -vvvv > ./proxy_data/traces/hop/Simulation-114834095316819367752457382978722571068850159829764853513197263236546715801279.log' returned non-zero exit status 1.
Error running forge command: Command 'forge test --match-path test/generated/hop/Simulation-9784707434912981798745451387039890995483352876768683443315035555006717324695.t.sol -vvvv > ./proxy_data/traces/hop/Simulation-9784707434912981798745451387039890995483352876768683443315035555006717324695.log' returned non-zero exit status 1.
Error running forge command: Command 'forge test --match-path test/generated/hop/Simulation-58755660485926286000919392683741755457975975545732074086390752903100177701755.t.sol -vvvv > ./proxy_data/traces/hop/Simulation-58755660485926286000919392683741755457975975545732074086390752903100177701755.log' returned non-zero exit status 1.
Error running forge command: Command 'forge test --match-path test/generated/hop/Simulation-23285357419328896335990392880871303941650580029089465815166731639490330216477.t.sol -vvvv > ./proxy_data/traces/hop/Simulation-23285357419328896335990392880871303941650580029089465815166731639490330216477.log' returned non-zero exit status 1.
Error running forge command: Command 'forge test --match-path test/generated/hop/Simulation-50162030097467957240858929287270422964132711578599454777185525955744917535782.t.sol -vvvv > ./proxy_data/traces/hop/Simulation-50162030097467957240858929287270422964132711578599454777185525955744917535782.log' returned non-zero exit status 1.
Error running forge command: Command 'forge test --match-path test/generated/hop/Simulation-111737923756748300705603857254159695288256292303121317158883026653434433048797.t.sol -vvvv > ./proxy_data/traces/hop/Simulation-111737923756748300705603857254159695288256292303121317158883026653434433048797.log' returned non-zero exit status 1.
Error running forge command: Command 'forge test --match-path test/generated/hop/Simulation-35971931731422403666066186393739323850442538976113903912633580055437106618891.t.sol -vvvv > ./proxy_data/traces/hop/Simulation-35971931731422403666066186393739323850442538976113903912633580055437106618891.log' returned non-zero exit status 1.
Error running forge command: Command 'forge test --match-path test/generated/hop/Simulation-15047264382260247435111313341285366942697273281643720348399446119392159992381.t.sol -vvvv > ./proxy_data/traces/hop/Simulation-15047264382260247435111313341285366942697273281643720348399446119392159992381.log' returned non-zero exit status 1.
Traces saved to ./proxy_data/traces/hop/Simulation-51305966013437649942436285826738882927850963257079969027071347095796508382089.log
Error running forge command: Command 'forge test --match-path test/generated/hop/Simulation-53990378812148799150404666859566052864134764447292082012358312575692663425040.t.sol -vvvv > ./proxy_data/traces/hop/Simulation-53990378812148799150404666859566052864134764447292082012358312575692663425040.log' returned non-zero exit status 1.
Traces saved to ./proxy_data/traces/hop/Simulation-51110796908324739060927818333963223981723022081339918858242293266722938698366.log
Traces saved to ./proxy_data/traces/hop/Simulation-87721017444012748515193030446878713568859011267118968862733227740319473259806.log
Error running forge command: Command 'forge test --match-path test/generated/hop/Simulation-87035485339493254592650315476613776772005577279798927378154125801446269848532.t.sol -vvvv > ./proxy_data/traces/hop/Simulation-87035485339493254592650315476613776772005577279798927378154125801446269848532.log' returned non-zero exit status 1.
Error running forge command: Command 'forge test --match-path test/generated/hop/Simulation-107872944286812659673185380342942146780173919264744172884383470916013422262449.t.sol -vvvv > ./proxy_data/traces/hop/Simulation-107872944286812659673185380342942146780173919264744172884383470916013422262449.log' returned non-zero exit status 1.
🧹 Removed empty directory test/generated/hop
Warning: 文件./proxy_data/traces/hop/Simulation-107872944286812659673185380342942146780173919264744172884383470916013422262449.log中只找到一个 Trace
Trace saved to ./proxy_data/traces/hop/Simulation-107872944286812659673185380342942146780173919264744172884383470916013422262449.json
Warning: 文件./proxy_data/traces/hop/Simulation-87035485339493254592650315476613776772005577279798927378154125801446269848532.log中只找到一个 Trace
Trace saved to ./proxy_data/traces/hop/Simulation-87035485339493254592650315476613776772005577279798927378154125801446269848532.json
Warning: 文件./proxy_data/traces/hop/Simulation-101554946215453349690249168081105244782573117970456961474022503327009394160932.log中只找到一个 Trace
Trace saved to ./proxy_data/traces/hop/Simulation-101554946215453349690249168081105244782573117970456961474022503327009394160932.json
Warning: 文件./proxy_data/traces/hop/Simulation-111395487578770984595433068329328613141699421232248238624615480340066387230684.log中只找到一个 Trace
Trace saved to ./proxy_data/traces/hop/Simulation-111395487578770984595433068329328613141699421232248238624615480340066387230684.json
Warning: 文件./proxy_data/traces/hop/Simulation-51305966013437649942436285826738882927850963257079969027071347095796508382089.log中只找到一个 Trace
Trace saved to ./proxy_data/traces/hop/Simulation-51305966013437649942436285826738882927850963257079969027071347095796508382089.json
Warning: 文件./proxy_data/traces/hop/Simulation-35971931731422403666066186393739323850442538976113903912633580055437106618891.log中只找到一个 Trace
Trace saved to ./proxy_data/traces/hop/Simulation-35971931731422403666066186393739323850442538976113903912633580055437106618891.json
Warning: 文件./proxy_data/traces/hop/Simulation-9784707434912981798745451387039890995483352876768683443315035555006717324695.log中只找到一个 Trace
Trace saved to ./proxy_data/traces/hop/Simulation-9784707434912981798745451387039890995483352876768683443315035555006717324695.json
Warning: 文件./proxy_data/traces/hop/Simulation-15047264382260247435111313341285366942697273281643720348399446119392159992381.log中只找到一个 Trace
Trace saved to ./proxy_data/traces/hop/Simulation-15047264382260247435111313341285366942697273281643720348399446119392159992381.json
Warning: 文件./proxy_data/traces/hop/Simulation-100969999281593667256940973842942833194586799619428402879708708448088810673989.log中只找到一个 Trace
Trace saved to ./proxy_data/traces/hop/Simulation-100969999281593667256940973842942833194586799619428402879708708448088810673989.json
Warning: 文件./proxy_data/traces/hop/Simulation-87721017444012748515193030446878713568859011267118968862733227740319473259806.log中只找到一个 Trace
Trace saved to ./proxy_data/traces/hop/Simulation-87721017444012748515193030446878713568859011267118968862733227740319473259806.json
Warning: 文件./proxy_data/traces/hop/Simulation-23285357419328896335990392880871303941650580029089465815166731639490330216477.log中只找到一个 Trace
Trace saved to ./proxy_data/traces/hop/Simulation-23285357419328896335990392880871303941650580029089465815166731639490330216477.json
Warning: 文件./proxy_data/traces/hop/Simulation-111737923756748300705603857254159695288256292303121317158883026653434433048797.log中只找到一个 Trace
Trace saved to ./proxy_data/traces/hop/Simulation-111737923756748300705603857254159695288256292303121317158883026653434433048797.json
Warning: 文件./proxy_data/traces/hop/Simulation-51110796908324739060927818333963223981723022081339918858242293266722938698366.log中只找到一个 Trace
Trace saved to ./proxy_data/traces/hop/Simulation-51110796908324739060927818333963223981723022081339918858242293266722938698366.json
Warning: 文件./proxy_data/traces/hop/Simulation-53990378812148799150404666859566052864134764447292082012358312575692663425040.log中只找到一个 Trace
Trace saved to ./proxy_data/traces/hop/Simulation-53990378812148799150404666859566052864134764447292082012358312575692663425040.json
Warning: 文件./proxy_data/traces/hop/Simulation-50162030097467957240858929287270422964132711578599454777185525955744917535782.log中只找到一个 Trace
Trace saved to ./proxy_data/traces/hop/Simulation-50162030097467957240858929287270422964132711578599454777185525955744917535782.json
Warning: 文件./proxy_data/traces/hop/Simulation-114834095316819367752457382978722571068850159829764853513197263236546715801279.log中只找到一个 Trace
Trace saved to ./proxy_data/traces/hop/Simulation-114834095316819367752457382978722571068850159829764853513197263236546715801279.json
Warning: 文件./proxy_data/traces/hop/Simulation-58755660485926286000919392683741755457975975545732074086390752903100177701755.log中只找到一个 Trace
Trace saved to ./proxy_data/traces/hop/Simulation-58755660485926286000919392683741755457975975545732074086390752903100177701755.json
All traces processed successfully!
🔧 Processing lil-nouns...
Traces saved to ./proxy_data/traces/lil-nouns/Simulation-317.log
Error running forge command: Command 'forge test --match-path test/generated/lil-nouns/Simulation-315.t.sol -vvvv > ./proxy_data/traces/lil-nouns/Simulation-315.log' returned non-zero exit status 1.
Traces saved to ./proxy_data/traces/lil-nouns/Simulation-318.log
Traces saved to ./proxy_data/traces/lil-nouns/Simulation-316.log
Traces saved to ./proxy_data/traces/lil-nouns/Simulation-314.log
🧹 Removed empty directory test/generated/lil-nouns
Warning: 文件./proxy_data/traces/lil-nouns/Simulation-316.log中只找到一个 Trace
Trace saved to ./proxy_data/traces/lil-nouns/Simulation-316.json
Warning: 文件./proxy_data/traces/lil-nouns/Simulation-314.log中只找到一个 Trace
Trace saved to ./proxy_data/traces/lil-nouns/Simulation-314.json
Warning: 文件./proxy_data/traces/lil-nouns/Simulation-318.log中只找到一个 Trace
Trace saved to ./proxy_data/traces/lil-nouns/Simulation-318.json
Warning: 文件./proxy_data/traces/lil-nouns/Simulation-317.log中只找到一个 Trace
Trace saved to ./proxy_data/traces/lil-nouns/Simulation-317.json
Warning: 文件./proxy_data/traces/lil-nouns/Simulation-315.log中只找到一个 Trace
Trace saved to ./proxy_data/traces/lil-nouns/Simulation-315.json
All traces processed successfully!
🔧 Processing tribe-nopedao...
Error running forge command: Command 'forge test --match-path test/generated/tribe-nopedao/Simulation-64648408355114123273725319092802118035409877949615115984797773665285699108125.t.sol -vvvv > ./proxy_data/traces/tribe-nopedao/Simulation-64648408355114123273725319092802118035409877949615115984797773665285699108125.log' returned non-zero exit status 1.
Error running forge command: Command 'forge test --match-path test/generated/tribe-nopedao/Simulation-37462722583132714838885210487386307673617389439500070907220439329291125576405.t.sol -vvvv > ./proxy_data/traces/tribe-nopedao/Simulation-37462722583132714838885210487386307673617389439500070907220439329291125576405.log' returned non-zero exit status 1.
Error running forge command: Command 'forge test --match-path test/generated/tribe-nopedao/Simulation-5788291071811768067464638073111513024175864192906381684950526114604856461135.t.sol -vvvv > ./proxy_data/traces/tribe-nopedao/Simulation-5788291071811768067464638073111513024175864192906381684950526114604856461135.log' returned non-zero exit status 1.
Error running forge command: Command 'forge test --match-path test/generated/tribe-nopedao/Simulation-29729782205618033398018519417981540415335184157399785492536186692492006502701.t.sol -vvvv > ./proxy_data/traces/tribe-nopedao/Simulation-29729782205618033398018519417981540415335184157399785492536186692492006502701.log' returned non-zero exit status 1.
Error running forge command: Command 'forge test --match-path test/generated/tribe-nopedao/Simulation-55880230601012701597917605208469733960225175249204967566746122506983775428120.t.sol -vvvv > ./proxy_data/traces/tribe-nopedao/Simulation-55880230601012701597917605208469733960225175249204967566746122506983775428120.log' returned non-zero exit status 1.
🧹 Removed empty directory test/generated/tribe-nopedao
Warning: 文件./proxy_data/traces/tribe-nopedao/Simulation-37462722583132714838885210487386307673617389439500070907220439329291125576405.log中只找到一个 Trace
Trace saved to ./proxy_data/traces/tribe-nopedao/Simulation-37462722583132714838885210487386307673617389439500070907220439329291125576405.json
Warning: 文件./proxy_data/traces/tribe-nopedao/Simulation-55880230601012701597917605208469733960225175249204967566746122506983775428120.log中只找到一个 Trace
Trace saved to ./proxy_data/traces/tribe-nopedao/Simulation-55880230601012701597917605208469733960225175249204967566746122506983775428120.json
Warning: 文件./proxy_data/traces/tribe-nopedao/Simulation-64648408355114123273725319092802118035409877949615115984797773665285699108125.log中只找到一个 Trace
Trace saved to ./proxy_data/traces/tribe-nopedao/Simulation-64648408355114123273725319092802118035409877949615115984797773665285699108125.json
Warning: 文件./proxy_data/traces/tribe-nopedao/Simulation-29729782205618033398018519417981540415335184157399785492536186692492006502701.log中只找到一个 Trace
Trace saved to ./proxy_data/traces/tribe-nopedao/Simulation-29729782205618033398018519417981540415335184157399785492536186692492006502701.json
Warning: 文件./proxy_data/traces/tribe-nopedao/Simulation-5788291071811768067464638073111513024175864192906381684950526114604856461135.log中只找到一个 Trace
Trace saved to ./proxy_data/traces/tribe-nopedao/Simulation-5788291071811768067464638073111513024175864192906381684950526114604856461135.json
All traces processed successfully!
🔧 Processing public-nouns...
Traces saved to ./proxy_data/traces/public-nouns/Simulation-74.log
Traces saved to ./proxy_data/traces/public-nouns/Simulation-73.log
Traces saved to ./proxy_data/traces/public-nouns/Simulation-70.log
Traces saved to ./proxy_data/traces/public-nouns/Simulation-71.log
Traces saved to ./proxy_data/traces/public-nouns/Simulation-72.log
🧹 Removed empty directory test/generated/public-nouns
Warning: 文件./proxy_data/traces/public-nouns/Simulation-72.log中只找到一个 Trace
Trace saved to ./proxy_data/traces/public-nouns/Simulation-72.json
Warning: 文件./proxy_data/traces/public-nouns/Simulation-70.log中只找到一个 Trace
Trace saved to ./proxy_data/traces/public-nouns/Simulation-70.json
Warning: 文件./proxy_data/traces/public-nouns/Simulation-73.log中只找到一个 Trace
Trace saved to ./proxy_data/traces/public-nouns/Simulation-73.json
Warning: 文件./proxy_data/traces/public-nouns/Simulation-71.log中只找到一个 Trace
Trace saved to ./proxy_data/traces/public-nouns/Simulation-71.json
Warning: 文件./proxy_data/traces/public-nouns/Simulation-74.log中只找到一个 Trace
Trace saved to ./proxy_data/traces/public-nouns/Simulation-74.json
All traces processed successfully!
🔧 Processing dafo-club...
Traces saved to ./proxy_data/traces/dafo-club/Simulation-1.log
Traces saved to ./proxy_data/traces/dafo-club/Simulation-3.log
Traces saved to ./proxy_data/traces/dafo-club/Simulation-2.log
🧹 Removed empty directory test/generated/dafo-club
Warning: 文件./proxy_data/traces/dafo-club/Simulation-3.log中只找到一个 Trace
Trace saved to ./proxy_data/traces/dafo-club/Simulation-3.json
Warning: 文件./proxy_data/traces/dafo-club/Simulation-2.log中只找到一个 Trace
Trace saved to ./proxy_data/traces/dafo-club/Simulation-2.json
Warning: 文件./proxy_data/traces/dafo-club/Simulation-1.log中只找到一个 Trace
Trace saved to ./proxy_data/traces/dafo-club/Simulation-1.json
All traces processed successfully!
🔧 Processing reflexer-ungovernor...
Traces saved to ./proxy_data/traces/reflexer-ungovernor/Simulation-58.log
Traces saved to ./proxy_data/traces/reflexer-ungovernor/Simulation-56.log
Traces saved to ./proxy_data/traces/reflexer-ungovernor/Simulation-60.log
Traces saved to ./proxy_data/traces/reflexer-ungovernor/Simulation-59.log
Traces saved to ./proxy_data/traces/reflexer-ungovernor/Simulation-57.log
🧹 Removed empty directory test/generated/reflexer-ungovernor
Warning: 文件./proxy_data/traces/reflexer-ungovernor/Simulation-57.log中只找到一个 Trace
Trace saved to ./proxy_data/traces/reflexer-ungovernor/Simulation-57.json
Warning: 文件./proxy_data/traces/reflexer-ungovernor/Simulation-58.log中只找到一个 Trace
Trace saved to ./proxy_data/traces/reflexer-ungovernor/Simulation-58.json
Warning: 文件./proxy_data/traces/reflexer-ungovernor/Simulation-59.log中只找到一个 Trace
Trace saved to ./proxy_data/traces/reflexer-ungovernor/Simulation-59.json
Warning: 文件./proxy_data/traces/reflexer-ungovernor/Simulation-56.log中只找到一个 Trace
Trace saved to ./proxy_data/traces/reflexer-ungovernor/Simulation-56.json
Warning: 文件./proxy_data/traces/reflexer-ungovernor/Simulation-60.log中只找到一个 Trace
Trace saved to ./proxy_data/traces/reflexer-ungovernor/Simulation-60.json
All traces processed successfully!
🔧 Processing bigcap...
Traces saved to ./proxy_data/traces/bigcap/Simulation-30707185732939699899821264094416290445352469426587280768039840992724943532041.log
Traces saved to ./proxy_data/traces/bigcap/Simulation-12111361775809288168513849152838265883397196935545290070183018822861869588938.log
Traces saved to ./proxy_data/traces/bigcap/Simulation-79957281370505096644829972651034890801924154677598136563900932276512740000747.log
Traces saved to ./proxy_data/traces/bigcap/Simulation-56804614915213739415116209764557458429408159639959371362273170590283638992342.log
Traces saved to ./proxy_data/traces/bigcap/Simulation-45949844369121798863042985376818328451124931907520202540528180384702894437983.log
🧹 Removed empty directory test/generated/bigcap
Warning: 文件./proxy_data/traces/bigcap/Simulation-12111361775809288168513849152838265883397196935545290070183018822861869588938.log中只找到一个 Trace
Trace saved to ./proxy_data/traces/bigcap/Simulation-12111361775809288168513849152838265883397196935545290070183018822861869588938.json
Warning: 文件./proxy_data/traces/bigcap/Simulation-79957281370505096644829972651034890801924154677598136563900932276512740000747.log中只找到一个 Trace
Trace saved to ./proxy_data/traces/bigcap/Simulation-79957281370505096644829972651034890801924154677598136563900932276512740000747.json
Warning: 文件./proxy_data/traces/bigcap/Simulation-56804614915213739415116209764557458429408159639959371362273170590283638992342.log中只找到一个 Trace
Trace saved to ./proxy_data/traces/bigcap/Simulation-56804614915213739415116209764557458429408159639959371362273170590283638992342.json
Warning: 文件./proxy_data/traces/bigcap/Simulation-45949844369121798863042985376818328451124931907520202540528180384702894437983.log中只找到一个 Trace
Trace saved to ./proxy_data/traces/bigcap/Simulation-45949844369121798863042985376818328451124931907520202540528180384702894437983.json
Warning: 文件./proxy_data/traces/bigcap/Simulation-30707185732939699899821264094416290445352469426587280768039840992724943532041.log中只找到一个 Trace
Trace saved to ./proxy_data/traces/bigcap/Simulation-30707185732939699899821264094416290445352469426587280768039840992724943532041.json
All traces processed successfully!
🔧 Processing softdao...
Traces saved to ./proxy_data/traces/softdao/Simulation-63021552271543127871113597821870856061493491886763715725548687106170019986642.log
Traces saved to ./proxy_data/traces/softdao/Simulation-40260259848087462839475018203174751371427948192842885943638280850813428693364.log
Traces saved to ./proxy_data/traces/softdao/Simulation-30144990997980347529617977784028979750743919217439491638614634509277164245776.log
Traces saved to ./proxy_data/traces/softdao/Simulation-69438525970849311308216317752434850780090468735849677980206008076479254171868.log
Traces saved to ./proxy_data/traces/softdao/Simulation-57333297427242608058218685669401418799474090378491093273914610721484404483699.log
🧹 Removed empty directory test/generated/softdao
Warning: 文件./proxy_data/traces/softdao/Simulation-69438525970849311308216317752434850780090468735849677980206008076479254171868.log中只找到一个 Trace
Trace saved to ./proxy_data/traces/softdao/Simulation-69438525970849311308216317752434850780090468735849677980206008076479254171868.json
Warning: 文件./proxy_data/traces/softdao/Simulation-57333297427242608058218685669401418799474090378491093273914610721484404483699.log中只找到一个 Trace
Trace saved to ./proxy_data/traces/softdao/Simulation-57333297427242608058218685669401418799474090378491093273914610721484404483699.json
Warning: 文件./proxy_data/traces/softdao/Simulation-63021552271543127871113597821870856061493491886763715725548687106170019986642.log中只找到一个 Trace
Trace saved to ./proxy_data/traces/softdao/Simulation-63021552271543127871113597821870856061493491886763715725548687106170019986642.json
Warning: 文件./proxy_data/traces/softdao/Simulation-40260259848087462839475018203174751371427948192842885943638280850813428693364.log中只找到一个 Trace
Trace saved to ./proxy_data/traces/softdao/Simulation-40260259848087462839475018203174751371427948192842885943638280850813428693364.json
Warning: 文件./proxy_data/traces/softdao/Simulation-30144990997980347529617977784028979750743919217439491638614634509277164245776.log中只找到一个 Trace
Trace saved to ./proxy_data/traces/softdao/Simulation-30144990997980347529617977784028979750743919217439491638614634509277164245776.json
All traces processed successfully!
🔧 Processing threshold-network...
Traces saved to ./proxy_data/traces/threshold-network/Simulation-106227775945493548117125918472305772044981505269902734655693693826736245321176.log
Traces saved to ./proxy_data/traces/threshold-network/Simulation-98398917174887350465173908677189564033593621278968986149067988848405879431938.log
Traces saved to ./proxy_data/traces/threshold-network/Simulation-74533322079907471863271780119656604851531319353257861136425279874566326621079.log
Traces saved to ./proxy_data/traces/threshold-network/Simulation-25496946844579283967201349561311426203711833829860893739924213094134187856368.log
Traces saved to ./proxy_data/traces/threshold-network/Simulation-89541776685152835446645408504608068934191495983149912329858412833118446713367.log
🧹 Removed empty directory test/generated/threshold-network
Warning: 文件./proxy_data/traces/threshold-network/Simulation-89541776685152835446645408504608068934191495983149912329858412833118446713367.log中只找到一个 Trace
Trace saved to ./proxy_data/traces/threshold-network/Simulation-89541776685152835446645408504608068934191495983149912329858412833118446713367.json
Warning: 文件./proxy_data/traces/threshold-network/Simulation-98398917174887350465173908677189564033593621278968986149067988848405879431938.log中只找到一个 Trace
Trace saved to ./proxy_data/traces/threshold-network/Simulation-98398917174887350465173908677189564033593621278968986149067988848405879431938.json
Warning: 文件./proxy_data/traces/threshold-network/Simulation-74533322079907471863271780119656604851531319353257861136425279874566326621079.log中只找到一个 Trace
Trace saved to ./proxy_data/traces/threshold-network/Simulation-74533322079907471863271780119656604851531319353257861136425279874566326621079.json
Warning: 文件./proxy_data/traces/threshold-network/Simulation-25496946844579283967201349561311426203711833829860893739924213094134187856368.log中只找到一个 Trace
Trace saved to ./proxy_data/traces/threshold-network/Simulation-25496946844579283967201349561311426203711833829860893739924213094134187856368.json
Warning: 文件./proxy_data/traces/threshold-network/Simulation-106227775945493548117125918472305772044981505269902734655693693826736245321176.log中只找到一个 Trace
Trace saved to ./proxy_data/traces/threshold-network/Simulation-106227775945493548117125918472305772044981505269902734655693693826736245321176.json
All traces processed successfully!
🔧 Processing relevant-dao...
Error running forge command: Command 'forge test --match-path test/generated/relevant-dao/Simulation-2306038450110710368663772481354339238746158930066063138752417785822354537949.t.sol -vvvv > ./proxy_data/traces/relevant-dao/Simulation-2306038450110710368663772481354339238746158930066063138752417785822354537949.log' returned non-zero exit status 1.
Error running forge command: Command 'forge test --match-path test/generated/relevant-dao/Simulation-87952547291393037156470748942809495066516137635473447821536389259753354299302.t.sol -vvvv > ./proxy_data/traces/relevant-dao/Simulation-87952547291393037156470748942809495066516137635473447821536389259753354299302.log' returned non-zero exit status 1.
Error running forge command: Command 'forge test --match-path test/generated/relevant-dao/Simulation-101258296111700193270464626277531240721615826524579018047669141085888023758951.t.sol -vvvv > ./proxy_data/traces/relevant-dao/Simulation-101258296111700193270464626277531240721615826524579018047669141085888023758951.log' returned non-zero exit status 1.
Error running forge command: Command 'forge test --match-path test/generated/relevant-dao/Simulation-98728776978514170414820236345506086154607950942080369843539105132622023334632.t.sol -vvvv > ./proxy_data/traces/relevant-dao/Simulation-98728776978514170414820236345506086154607950942080369843539105132622023334632.log' returned non-zero exit status 1.
Error running forge command: Command 'forge test --match-path test/generated/relevant-dao/Simulation-16206076997434852657873321124912184936452231887681406191313585341389259948842.t.sol -vvvv > ./proxy_data/traces/relevant-dao/Simulation-16206076997434852657873321124912184936452231887681406191313585341389259948842.log' returned non-zero exit status 1.
🧹 Removed empty directory test/generated/relevant-dao
Warning: 文件./proxy_data/traces/relevant-dao/Simulation-98728776978514170414820236345506086154607950942080369843539105132622023334632.log中只找到一个 Trace
Trace saved to ./proxy_data/traces/relevant-dao/Simulation-98728776978514170414820236345506086154607950942080369843539105132622023334632.json
Warning: 文件./proxy_data/traces/relevant-dao/Simulation-87952547291393037156470748942809495066516137635473447821536389259753354299302.log中只找到一个 Trace
Trace saved to ./proxy_data/traces/relevant-dao/Simulation-87952547291393037156470748942809495066516137635473447821536389259753354299302.json
Warning: 文件./proxy_data/traces/relevant-dao/Simulation-101258296111700193270464626277531240721615826524579018047669141085888023758951.log中只找到一个 Trace
Trace saved to ./proxy_data/traces/relevant-dao/Simulation-101258296111700193270464626277531240721615826524579018047669141085888023758951.json
Warning: 文件./proxy_data/traces/relevant-dao/Simulation-2306038450110710368663772481354339238746158930066063138752417785822354537949.log中只找到一个 Trace
Trace saved to ./proxy_data/traces/relevant-dao/Simulation-2306038450110710368663772481354339238746158930066063138752417785822354537949.json
Warning: 文件./proxy_data/traces/relevant-dao/Simulation-16206076997434852657873321124912184936452231887681406191313585341389259948842.log中只找到一个 Trace
Trace saved to ./proxy_data/traces/relevant-dao/Simulation-16206076997434852657873321124912184936452231887681406191313585341389259948842.json
All traces processed successfully!
🔧 Processing rari-foundation...
Traces saved to ./proxy_data/traces/rari-foundation/Simulation-105687260580009083439953596527494389368202649677818238143691900241876899704510.log
Traces saved to ./proxy_data/traces/rari-foundation/Simulation-84652540469776267467655951505947766102174023554189732008647362579810451550275.log
Traces saved to ./proxy_data/traces/rari-foundation/Simulation-2533227570341961286018775646295651429848717939480734700123065535264620183641.log
Traces saved to ./proxy_data/traces/rari-foundation/Simulation-107529848518367132535057311948001466154902050403298562498464079264637702435815.log
Traces saved to ./proxy_data/traces/rari-foundation/Simulation-99966391796694332409077173433067991040968785344253311757350829163841918184469.log
🧹 Removed empty directory test/generated/rari-foundation
Warning: 文件./proxy_data/traces/rari-foundation/Simulation-2533227570341961286018775646295651429848717939480734700123065535264620183641.log中只找到一个 Trace
Trace saved to ./proxy_data/traces/rari-foundation/Simulation-2533227570341961286018775646295651429848717939480734700123065535264620183641.json
Warning: 文件./proxy_data/traces/rari-foundation/Simulation-107529848518367132535057311948001466154902050403298562498464079264637702435815.log中只找到一个 Trace
Trace saved to ./proxy_data/traces/rari-foundation/Simulation-107529848518367132535057311948001466154902050403298562498464079264637702435815.json
Warning: 文件./proxy_data/traces/rari-foundation/Simulation-99966391796694332409077173433067991040968785344253311757350829163841918184469.log中只找到一个 Trace
Trace saved to ./proxy_data/traces/rari-foundation/Simulation-99966391796694332409077173433067991040968785344253311757350829163841918184469.json
Warning: 文件./proxy_data/traces/rari-foundation/Simulation-84652540469776267467655951505947766102174023554189732008647362579810451550275.log中只找到一个 Trace
Trace saved to ./proxy_data/traces/rari-foundation/Simulation-84652540469776267467655951505947766102174023554189732008647362579810451550275.json
Warning: 文件./proxy_data/traces/rari-foundation/Simulation-105687260580009083439953596527494389368202649677818238143691900241876899704510.log中只找到一个 Trace
Trace saved to ./proxy_data/traces/rari-foundation/Simulation-105687260580009083439953596527494389368202649677818238143691900241876899704510.json
All traces processed successfully!
🔧 Processing testondo-381...
🧹 Removed empty directory test/generated/testondo-381
⚠️ No output trace for testondo-381, skipped formatting.
🔧 Processing truefi...
Error running forge command: Command 'forge test --match-path test/generated/truefi/Simulation-51943031522904841238079798198882829117401005534341419929793250015202368378926.t.sol -vvvv > ./proxy_data/traces/truefi/Simulation-51943031522904841238079798198882829117401005534341419929793250015202368378926.log' returned non-zero exit status 1.
Error running forge command: Command 'forge test --match-path test/generated/truefi/Simulation-115031356992826673245937071395687693892773719734456010608760559932831394622000.t.sol -vvvv > ./proxy_data/traces/truefi/Simulation-115031356992826673245937071395687693892773719734456010608760559932831394622000.log' returned non-zero exit status 1.
Error running forge command: Command 'forge test --match-path test/generated/truefi/Simulation-59815226825520904659109210714296566191942693475084655048893658414813470719669.t.sol -vvvv > ./proxy_data/traces/truefi/Simulation-59815226825520904659109210714296566191942693475084655048893658414813470719669.log' returned non-zero exit status 1.
Error running forge command: Command 'forge test --match-path test/generated/truefi/Simulation-59262144496480971593386492240817943814512126757475862261213657528229195846161.t.sol -vvvv > ./proxy_data/traces/truefi/Simulation-59262144496480971593386492240817943814512126757475862261213657528229195846161.log' returned non-zero exit status 1.
Traces saved to ./proxy_data/traces/truefi/Simulation-79805134100933429654464404197660116470858197125645356456400459034002613069198.log
🧹 Removed empty directory test/generated/truefi
Warning: 文件./proxy_data/traces/truefi/Simulation-72082919114556441929119221502862024083330154199648072392089294020293378362201.log中只找到一个 Trace
Trace saved to ./proxy_data/traces/truefi/Simulation-72082919114556441929119221502862024083330154199648072392089294020293378362201.json
Warning: 文件./proxy_data/traces/truefi/Simulation-29124846549126381938921833816599342606749406171592290419564388024272600452960.log中只找到一个 Trace
Trace saved to ./proxy_data/traces/truefi/Simulation-29124846549126381938921833816599342606749406171592290419564388024272600452960.json
Warning: 文件./proxy_data/traces/truefi/Simulation-10417918212929587584216008054580932533751353960316603325316795413544309301644.log中只找到一个 Trace
Trace saved to ./proxy_data/traces/truefi/Simulation-10417918212929587584216008054580932533751353960316603325316795413544309301644.json
Warning: 文件./proxy_data/traces/truefi/Simulation-52651825448777664431568412516852979483945489758589702494472510197433906898391.log中只找到一个 Trace
Trace saved to ./proxy_data/traces/truefi/Simulation-52651825448777664431568412516852979483945489758589702494472510197433906898391.json
Warning: 文件./proxy_data/traces/truefi/Simulation-30146538846015108984161152095039786476737282970557462712889270317030081452346.log中只找到一个 Trace
Trace saved to ./proxy_data/traces/truefi/Simulation-30146538846015108984161152095039786476737282970557462712889270317030081452346.json
All traces processed successfully!
🔧 Processing aggregated-finance...
Traces saved to ./proxy_data/traces/aggregated-finance/Simulation-59213589234657161183431824545170422132025940884046797524023615877694783599637.log
Traces saved to ./proxy_data/traces/aggregated-finance/Simulation-5971609387373805719276099899782852190274946958980688912797326207180513616140.log
Traces saved to ./proxy_data/traces/aggregated-finance/Simulation-86554927879635546882372667463681439183237593411680993176752721639910947831898.log
Traces saved to ./proxy_data/traces/aggregated-finance/Simulation-28115006821555218502966719333357149202203950853661440544055152952810096463453.log
Traces saved to ./proxy_data/traces/aggregated-finance/Simulation-76426099142407603591003422493313145923184253049352375601605240275348674351671.log
🧹 Removed empty directory test/generated/aggregated-finance
Warning: 文件./proxy_data/traces/aggregated-finance/Simulation-86554927879635546882372667463681439183237593411680993176752721639910947831898.log中只找到一个 Trace
Trace saved to ./proxy_data/traces/aggregated-finance/Simulation-86554927879635546882372667463681439183237593411680993176752721639910947831898.json
Warning: 文件./proxy_data/traces/aggregated-finance/Simulation-28115006821555218502966719333357149202203950853661440544055152952810096463453.log中只找到一个 Trace
Trace saved to ./proxy_data/traces/aggregated-finance/Simulation-28115006821555218502966719333357149202203950853661440544055152952810096463453.json
Warning: 文件./proxy_data/traces/aggregated-finance/Simulation-5971609387373805719276099899782852190274946958980688912797326207180513616140.log中只找到一个 Trace
Trace saved to ./proxy_data/traces/aggregated-finance/Simulation-5971609387373805719276099899782852190274946958980688912797326207180513616140.json
Warning: 文件./proxy_data/traces/aggregated-finance/Simulation-76426099142407603591003422493313145923184253049352375601605240275348674351671.log中只找到一个 Trace
Trace saved to ./proxy_data/traces/aggregated-finance/Simulation-76426099142407603591003422493313145923184253049352375601605240275348674351671.json
Warning: 文件./proxy_data/traces/aggregated-finance/Simulation-59213589234657161183431824545170422132025940884046797524023615877694783599637.log中只找到一个 Trace
Trace saved to ./proxy_data/traces/aggregated-finance/Simulation-59213589234657161183431824545170422132025940884046797524023615877694783599637.json
All traces processed successfully!
🔧 Processing signata-dao...
Traces saved to ./proxy_data/traces/signata-dao/Simulation-32238162185351225708121555832911051513774111859545818043931220860217931870254.log
Traces saved to ./proxy_data/traces/signata-dao/Simulation-29219205494946647336622874446020237416401275630090653990734818546016248820543.log
Traces saved to ./proxy_data/traces/signata-dao/Simulation-107298230132309265321587661440115760419358055044259942936392760172984564596139.log
Traces saved to ./proxy_data/traces/signata-dao/Simulation-1296585299064997681704705818318388645909496958350216342735488066006111111585.log
Error running forge command: Command 'forge test --match-path test/generated/signata-dao/Simulation-112193124163354052763328533223595436589147810764624453813670041301179215386123.t.sol -vvvv > ./proxy_data/traces/signata-dao/Simulation-112193124163354052763328533223595436589147810764624453813670041301179215386123.log' returned non-zero exit status 1.
🧹 Removed empty directory test/generated/signata-dao
Warning: 文件./proxy_data/traces/signata-dao/Simulation-29219205494946647336622874446020237416401275630090653990734818546016248820543.log中只找到一个 Trace
Trace saved to ./proxy_data/traces/signata-dao/Simulation-29219205494946647336622874446020237416401275630090653990734818546016248820543.json
Warning: 文件./proxy_data/traces/signata-dao/Simulation-107298230132309265321587661440115760419358055044259942936392760172984564596139.log中只找到一个 Trace
Trace saved to ./proxy_data/traces/signata-dao/Simulation-107298230132309265321587661440115760419358055044259942936392760172984564596139.json
Warning: 文件./proxy_data/traces/signata-dao/Simulation-1296585299064997681704705818318388645909496958350216342735488066006111111585.log中只找到一个 Trace
Trace saved to ./proxy_data/traces/signata-dao/Simulation-1296585299064997681704705818318388645909496958350216342735488066006111111585.json
Warning: 文件./proxy_data/traces/signata-dao/Simulation-112193124163354052763328533223595436589147810764624453813670041301179215386123.log中只找到一个 Trace
Trace saved to ./proxy_data/traces/signata-dao/Simulation-112193124163354052763328533223595436589147810764624453813670041301179215386123.json
Warning: 文件./proxy_data/traces/signata-dao/Simulation-32238162185351225708121555832911051513774111859545818043931220860217931870254.log中只找到一个 Trace
Trace saved to ./proxy_data/traces/signata-dao/Simulation-32238162185351225708121555832911051513774111859545818043931220860217931870254.json
All traces processed successfully!
🔧 Processing femboy-dao...
Traces saved to ./proxy_data/traces/femboy-dao/Simulation-20635282486685096459360972789687198291162197379675431891385640487159297036075.log
Error running forge command: Command 'forge test --match-path test/generated/femboy-dao/Simulation-16684485043971172994189723629746491534926702063215682531639628506856007325721.t.sol -vvvv > ./proxy_data/traces/femboy-dao/Simulation-16684485043971172994189723629746491534926702063215682531639628506856007325721.log' returned non-zero exit status 1.
Error running forge command: Command 'forge test --match-path test/generated/femboy-dao/Simulation-114747343242143238512887462768408918622752682377962978226177038136639736067188.t.sol -vvvv > ./proxy_data/traces/femboy-dao/Simulation-114747343242143238512887462768408918622752682377962978226177038136639736067188.log' returned non-zero exit status 1.
Error running forge command: Command 'forge test --match-path test/generated/femboy-dao/Simulation-89902167246675277995608356357059482878746696844810301881747403173188317303552.t.sol -vvvv > ./proxy_data/traces/femboy-dao/Simulation-89902167246675277995608356357059482878746696844810301881747403173188317303552.log' returned non-zero exit status 1.
Error running forge command: Command 'forge test --match-path test/generated/femboy-dao/Simulation-35554146058141096726063535088698398212961503735527509337806922904607039187112.t.sol -vvvv > ./proxy_data/traces/femboy-dao/Simulation-35554146058141096726063535088698398212961503735527509337806922904607039187112.log' returned non-zero exit status 1.
🧹 Removed empty directory test/generated/femboy-dao
Warning: 文件./proxy_data/traces/femboy-dao/Simulation-20635282486685096459360972789687198291162197379675431891385640487159297036075.log中只找到一个 Trace
Trace saved to ./proxy_data/traces/femboy-dao/Simulation-20635282486685096459360972789687198291162197379675431891385640487159297036075.json
Warning: 文件./proxy_data/traces/femboy-dao/Simulation-35554146058141096726063535088698398212961503735527509337806922904607039187112.log中只找到一个 Trace
Trace saved to ./proxy_data/traces/femboy-dao/Simulation-35554146058141096726063535088698398212961503735527509337806922904607039187112.json
Warning: 文件./proxy_data/traces/femboy-dao/Simulation-89902167246675277995608356357059482878746696844810301881747403173188317303552.log中只找到一个 Trace
Trace saved to ./proxy_data/traces/femboy-dao/Simulation-89902167246675277995608356357059482878746696844810301881747403173188317303552.json
Warning: 文件./proxy_data/traces/femboy-dao/Simulation-114747343242143238512887462768408918622752682377962978226177038136639736067188.log中只找到一个 Trace
Trace saved to ./proxy_data/traces/femboy-dao/Simulation-114747343242143238512887462768408918622752682377962978226177038136639736067188.json
Warning: 文件./proxy_data/traces/femboy-dao/Simulation-16684485043971172994189723629746491534926702063215682531639628506856007325721.log中只找到一个 Trace
Trace saved to ./proxy_data/traces/femboy-dao/Simulation-16684485043971172994189723629746491534926702063215682531639628506856007325721.json
All traces processed successfully!
🔧 Processing pony-finance...
Error running forge command: Command 'forge test --match-path test/generated/pony-finance/Simulation-56100461568174335110762768899679337122289632508086230024753281698888474453715.t.sol -vvvv > ./proxy_data/traces/pony-finance/Simulation-56100461568174335110762768899679337122289632508086230024753281698888474453715.log' returned non-zero exit status 1.
Error running forge command: Command 'forge test --match-path test/generated/pony-finance/Simulation-96907888474599187192524879643433664124541951487915483898230153620150232855712.t.sol -vvvv > ./proxy_data/traces/pony-finance/Simulation-96907888474599187192524879643433664124541951487915483898230153620150232855712.log' returned non-zero exit status 1.
Error running forge command: Command 'forge test --match-path test/generated/pony-finance/Simulation-11421224867492704676133033217636270781890554800252465165546653673316337949567.t.sol -vvvv > ./proxy_data/traces/pony-finance/Simulation-11421224867492704676133033217636270781890554800252465165546653673316337949567.log' returned non-zero exit status 1.
Error running forge command: Command 'forge test --match-path test/generated/pony-finance/Simulation-68123714781734791239835022084802996141638461216610300356282254233300351086060.t.sol -vvvv > ./proxy_data/traces/pony-finance/Simulation-68123714781734791239835022084802996141638461216610300356282254233300351086060.log' returned non-zero exit status 1.
Error running forge command: Command 'forge test --match-path test/generated/pony-finance/Simulation-73280075402229100551178328444504001536936189912572736468412373472210133752425.t.sol -vvvv > ./proxy_data/traces/pony-finance/Simulation-73280075402229100551178328444504001536936189912572736468412373472210133752425.log' returned non-zero exit status 1.
🧹 Removed empty directory test/generated/pony-finance
Warning: 文件./proxy_data/traces/pony-finance/Simulation-68123714781734791239835022084802996141638461216610300356282254233300351086060.log中只找到一个 Trace
Trace saved to ./proxy_data/traces/pony-finance/Simulation-68123714781734791239835022084802996141638461216610300356282254233300351086060.json
Warning: 文件./proxy_data/traces/pony-finance/Simulation-73280075402229100551178328444504001536936189912572736468412373472210133752425.log中只找到一个 Trace
Trace saved to ./proxy_data/traces/pony-finance/Simulation-73280075402229100551178328444504001536936189912572736468412373472210133752425.json
Warning: 文件./proxy_data/traces/pony-finance/Simulation-96907888474599187192524879643433664124541951487915483898230153620150232855712.log中只找到一个 Trace
Trace saved to ./proxy_data/traces/pony-finance/Simulation-96907888474599187192524879643433664124541951487915483898230153620150232855712.json
Warning: 文件./proxy_data/traces/pony-finance/Simulation-11421224867492704676133033217636270781890554800252465165546653673316337949567.log中只找到一个 Trace
Trace saved to ./proxy_data/traces/pony-finance/Simulation-11421224867492704676133033217636270781890554800252465165546653673316337949567.json
Warning: 文件./proxy_data/traces/pony-finance/Simulation-56100461568174335110762768899679337122289632508086230024753281698888474453715.log中只找到一个 Trace
Trace saved to ./proxy_data/traces/pony-finance/Simulation-56100461568174335110762768899679337122289632508086230024753281698888474453715.json
All traces processed successfully!
🔧 Processing ubuntu-village-zanzibar...
Error running forge command: Command 'forge test --match-path test/generated/ubuntu-village-zanzibar/Simulation-44477011574436335441894276843441913974271937590908230124620406811635876862225.t.sol -vvvv > ./proxy_data/traces/ubuntu-village-zanzibar/Simulation-44477011574436335441894276843441913974271937590908230124620406811635876862225.log' returned non-zero exit status 1.
Error running forge command: Command 'forge test --match-path test/generated/ubuntu-village-zanzibar/Simulation-68742466930811339125404111661626511860311076682453968966395209718936479112196.t.sol -vvvv > ./proxy_data/traces/ubuntu-village-zanzibar/Simulation-68742466930811339125404111661626511860311076682453968966395209718936479112196.log' returned non-zero exit status 1.
🧹 Removed empty directory test/generated/ubuntu-village-zanzibar
Warning: 文件./proxy_data/traces/ubuntu-village-zanzibar/Simulation-44477011574436335441894276843441913974271937590908230124620406811635876862225.log中只找到一个 Trace
Trace saved to ./proxy_data/traces/ubuntu-village-zanzibar/Simulation-44477011574436335441894276843441913974271937590908230124620406811635876862225.json
Warning: 文件./proxy_data/traces/ubuntu-village-zanzibar/Simulation-68742466930811339125404111661626511860311076682453968966395209718936479112196.log中只找到一个 Trace
Trace saved to ./proxy_data/traces/ubuntu-village-zanzibar/Simulation-68742466930811339125404111661626511860311076682453968966395209718936479112196.json
All traces processed successfully!
🔧 Processing blockswap-dao-805...
Error running forge command: Command 'forge test --match-path test/generated/blockswap-dao-805/Simulation-14544177290255934073196130826342453396294710357630161111831736206177458522101.t.sol -vvvv > ./proxy_data/traces/blockswap-dao-805/Simulation-14544177290255934073196130826342453396294710357630161111831736206177458522101.log' returned non-zero exit status 1.
Error running forge command: Command 'forge test --match-path test/generated/blockswap-dao-805/Simulation-75837080353767881168032680586052111580242939509750767824210941399968826346306.t.sol -vvvv > ./proxy_data/traces/blockswap-dao-805/Simulation-75837080353767881168032680586052111580242939509750767824210941399968826346306.log' returned non-zero exit status 1.
Error running forge command: Command 'forge test --match-path test/generated/blockswap-dao-805/Simulation-40190054506276065139647223876919277957149369499309262453645880803764902438016.t.sol -vvvv > ./proxy_data/traces/blockswap-dao-805/Simulation-40190054506276065139647223876919277957149369499309262453645880803764902438016.log' returned non-zero exit status 1.
Error running forge command: Command 'forge test --match-path test/generated/blockswap-dao-805/Simulation-76478403739261952207162376878814027036312856609636796316153712192923138913456.t.sol -vvvv > ./proxy_data/traces/blockswap-dao-805/Simulation-76478403739261952207162376878814027036312856609636796316153712192923138913456.log' returned non-zero exit status 1.
Error running forge command: Command 'forge test --match-path test/generated/blockswap-dao-805/Simulation-37508051361921549442176958798276733494087309630640742316149637953304049145254.t.sol -vvvv > ./proxy_data/traces/blockswap-dao-805/Simulation-37508051361921549442176958798276733494087309630640742316149637953304049145254.log' returned non-zero exit status 1.
🧹 Removed empty directory test/generated/blockswap-dao-805
Warning: 文件./proxy_data/traces/blockswap-dao-805/Simulation-14544177290255934073196130826342453396294710357630161111831736206177458522101.log中只找到一个 Trace
Trace saved to ./proxy_data/traces/blockswap-dao-805/Simulation-14544177290255934073196130826342453396294710357630161111831736206177458522101.json
Warning: 文件./proxy_data/traces/blockswap-dao-805/Simulation-76478403739261952207162376878814027036312856609636796316153712192923138913456.log中只找到一个 Trace
Trace saved to ./proxy_data/traces/blockswap-dao-805/Simulation-76478403739261952207162376878814027036312856609636796316153712192923138913456.json
Warning: 文件./proxy_data/traces/blockswap-dao-805/Simulation-40190054506276065139647223876919277957149369499309262453645880803764902438016.log中只找到一个 Trace
Trace saved to ./proxy_data/traces/blockswap-dao-805/Simulation-40190054506276065139647223876919277957149369499309262453645880803764902438016.json
Warning: 文件./proxy_data/traces/blockswap-dao-805/Simulation-37508051361921549442176958798276733494087309630640742316149637953304049145254.log中只找到一个 Trace
Trace saved to ./proxy_data/traces/blockswap-dao-805/Simulation-37508051361921549442176958798276733494087309630640742316149637953304049145254.json
Warning: 文件./proxy_data/traces/blockswap-dao-805/Simulation-75837080353767881168032680586052111580242939509750767824210941399968826346306.log中只找到一个 Trace
Trace saved to ./proxy_data/traces/blockswap-dao-805/Simulation-75837080353767881168032680586052111580242939509750767824210941399968826346306.json
All traces processed successfully!
🔧 Processing babylon...
Traces saved to ./proxy_data/traces/babylon/Simulation-21414675660784448222084279643271898402440921564126740617438077150892606709886.log
Traces saved to ./proxy_data/traces/babylon/Simulation-37739355232741924385947675751466910155625583478655815511040285529952573461540.log
Traces saved to ./proxy_data/traces/babylon/Simulation-82375474957633426622541765424852873600349768070021673704036628167191474647983.log
Traces saved to ./proxy_data/traces/babylon/Simulation-83310954882073965923000200493074196623795911070618625373163676013025576580745.log
Traces saved to ./proxy_data/traces/babylon/Simulation-52568742925274466133386400284731251288414041647812700673930289619709761985746.log
🧹 Removed empty directory test/generated/babylon
Warning: 文件./proxy_data/traces/babylon/Simulation-21414675660784448222084279643271898402440921564126740617438077150892606709886.log中只找到一个 Trace
Trace saved to ./proxy_data/traces/babylon/Simulation-21414675660784448222084279643271898402440921564126740617438077150892606709886.json
Warning: 文件./proxy_data/traces/babylon/Simulation-52568742925274466133386400284731251288414041647812700673930289619709761985746.log中只找到一个 Trace
Trace saved to ./proxy_data/traces/babylon/Simulation-52568742925274466133386400284731251288414041647812700673930289619709761985746.json
Warning: 文件./proxy_data/traces/babylon/Simulation-83310954882073965923000200493074196623795911070618625373163676013025576580745.log中只找到一个 Trace
Trace saved to ./proxy_data/traces/babylon/Simulation-83310954882073965923000200493074196623795911070618625373163676013025576580745.json
Warning: 文件./proxy_data/traces/babylon/Simulation-82375474957633426622541765424852873600349768070021673704036628167191474647983.log中只找到一个 Trace
Trace saved to ./proxy_data/traces/babylon/Simulation-82375474957633426622541765424852873600349768070021673704036628167191474647983.json
Warning: 文件./proxy_data/traces/babylon/Simulation-37739355232741924385947675751466910155625583478655815511040285529952573461540.log中只找到一个 Trace
Trace saved to ./proxy_data/traces/babylon/Simulation-37739355232741924385947675751466910155625583478655815511040285529952573461540.json
All traces processed successfully!
🔧 Processing baconcoin...
Error running forge command: Command 'forge test --match-path test/generated/baconcoin/Simulation-10.t.sol -vvvv > ./proxy_data/traces/baconcoin/Simulation-10.log' returned non-zero exit status 1.
Error running forge command: Command 'forge test --match-path test/generated/baconcoin/Simulation-11.t.sol -vvvv > ./proxy_data/traces/baconcoin/Simulation-11.log' returned non-zero exit status 1.
Error running forge command: Command 'forge test --match-path test/generated/baconcoin/Simulation-8.t.sol -vvvv > ./proxy_data/traces/baconcoin/Simulation-8.log' returned non-zero exit status 1.
Error running forge command: Command 'forge test --match-path test/generated/baconcoin/Simulation-7.t.sol -vvvv > ./proxy_data/traces/baconcoin/Simulation-7.log' returned non-zero exit status 1.
Error running forge command: Command 'forge test --match-path test/generated/baconcoin/Simulation-9.t.sol -vvvv > ./proxy_data/traces/baconcoin/Simulation-9.log' returned non-zero exit status 1.
🧹 Removed empty directory test/generated/baconcoin
Warning: 文件./proxy_data/traces/baconcoin/Simulation-10.log中只找到一个 Trace
Trace saved to ./proxy_data/traces/baconcoin/Simulation-10.json
Warning: 文件./proxy_data/traces/baconcoin/Simulation-9.log中只找到一个 Trace
Trace saved to ./proxy_data/traces/baconcoin/Simulation-9.json
Warning: 文件./proxy_data/traces/baconcoin/Simulation-7.log中只找到一个 Trace
Trace saved to ./proxy_data/traces/baconcoin/Simulation-7.json
Warning: 文件./proxy_data/traces/baconcoin/Simulation-11.log中只找到一个 Trace
Trace saved to ./proxy_data/traces/baconcoin/Simulation-11.json
Warning: 文件./proxy_data/traces/baconcoin/Simulation-8.log中只找到一个 Trace
Trace saved to ./proxy_data/traces/baconcoin/Simulation-8.json
All traces processed successfully!
🔧 Processing antfarm-dao...
Traces saved to ./proxy_data/traces/antfarm-dao/Simulation-87193767614206871016439342334912387623089310232482986567588395566219551953357.log
Traces saved to ./proxy_data/traces/antfarm-dao/Simulation-56812333616888165935620222248889623994539834461942498218469357986994512593713.log
Traces saved to ./proxy_data/traces/antfarm-dao/Simulation-42601211441271710430048282911571907326822206131700328191777582147188008969470.log
Traces saved to ./proxy_data/traces/antfarm-dao/Simulation-62061349177194860093529733936318664904675436721538723634231749439023201213811.log
Traces saved to ./proxy_data/traces/antfarm-dao/Simulation-26579900064606988730548090781492171012638645503717227449053735955146753737560.log
🧹 Removed empty directory test/generated/antfarm-dao
Warning: 文件./proxy_data/traces/antfarm-dao/Simulation-42601211441271710430048282911571907326822206131700328191777582147188008969470.log中只找到一个 Trace
Trace saved to ./proxy_data/traces/antfarm-dao/Simulation-42601211441271710430048282911571907326822206131700328191777582147188008969470.json
Warning: 文件./proxy_data/traces/antfarm-dao/Simulation-56812333616888165935620222248889623994539834461942498218469357986994512593713.log中只找到一个 Trace
Trace saved to ./proxy_data/traces/antfarm-dao/Simulation-56812333616888165935620222248889623994539834461942498218469357986994512593713.json
Warning: 文件./proxy_data/traces/antfarm-dao/Simulation-87193767614206871016439342334912387623089310232482986567588395566219551953357.log中只找到一个 Trace
Trace saved to ./proxy_data/traces/antfarm-dao/Simulation-87193767614206871016439342334912387623089310232482986567588395566219551953357.json
Warning: 文件./proxy_data/traces/antfarm-dao/Simulation-26579900064606988730548090781492171012638645503717227449053735955146753737560.log中只找到一个 Trace
Trace saved to ./proxy_data/traces/antfarm-dao/Simulation-26579900064606988730548090781492171012638645503717227449053735955146753737560.json
Warning: 文件./proxy_data/traces/antfarm-dao/Simulation-62061349177194860093529733936318664904675436721538723634231749439023201213811.log中只找到一个 Trace
Trace saved to ./proxy_data/traces/antfarm-dao/Simulation-62061349177194860093529733936318664904675436721538723634231749439023201213811.json
All traces processed successfully!
🔧 Processing test-1411...
Traces saved to ./proxy_data/traces/test-1411/Simulation-4.log
Error running forge command: Command 'forge test --match-path test/generated/test-1411/Simulation-3.t.sol -vvvv > ./proxy_data/traces/test-1411/Simulation-3.log' returned non-zero exit status 1.
Error running forge command: Command 'forge test --match-path test/generated/test-1411/Simulation-2.t.sol -vvvv > ./proxy_data/traces/test-1411/Simulation-2.log' returned non-zero exit status 1.
🧹 Removed empty directory test/generated/test-1411
Warning: 文件./proxy_data/traces/test-1411/Simulation-3.log中只找到一个 Trace
Trace saved to ./proxy_data/traces/test-1411/Simulation-3.json
Warning: 文件./proxy_data/traces/test-1411/Simulation-2.log中只找到一个 Trace
Trace saved to ./proxy_data/traces/test-1411/Simulation-2.json
Warning: 文件./proxy_data/traces/test-1411/Simulation-4.log中只找到一个 Trace
Trace saved to ./proxy_data/traces/test-1411/Simulation-4.json
All traces processed successfully!
🔧 Processing peoples-1555...
Error running forge command: Command 'forge test --match-path test/generated/peoples-1555/Simulation-29870983035748913822131861975289771526352043721563835958248101526489777174924.t.sol -vvvv > ./proxy_data/traces/peoples-1555/Simulation-29870983035748913822131861975289771526352043721563835958248101526489777174924.log' returned non-zero exit status 1.
🧹 Removed empty directory test/generated/peoples-1555
Warning: 文件./proxy_data/traces/peoples-1555/Simulation-29870983035748913822131861975289771526352043721563835958248101526489777174924.log中只找到一个 Trace
Trace saved to ./proxy_data/traces/peoples-1555/Simulation-29870983035748913822131861975289771526352043721563835958248101526489777174924.json
All traces processed successfully!
🔧 Processing ethernalotto-1562...
Error running forge command: Command 'forge test --match-path test/generated/ethernalotto-1562/Simulation-34080176389878379269991340555937939751965924901115994619085914279145621169296.t.sol -vvvv > ./proxy_data/traces/ethernalotto-1562/Simulation-34080176389878379269991340555937939751965924901115994619085914279145621169296.log' returned non-zero exit status 1.
Traces saved to ./proxy_data/traces/ethernalotto-1562/Simulation-80073131755049517934617379769334964801078424661038369645244320668644957593656.log
Traces saved to ./proxy_data/traces/ethernalotto-1562/Simulation-112657565278779778881767731661906684029211815653777510255680091267236507705895.log
Traces saved to ./proxy_data/traces/ethernalotto-1562/Simulation-115315729005702311524985102374347679111263097096426255295776732852199952152487.log
Traces saved to ./proxy_data/traces/ethernalotto-1562/Simulation-7375304197034974201344066036983513163954202870339370889928291359366210271206.log
🧹 Removed empty directory test/generated/ethernalotto-1562
Warning: 文件./proxy_data/traces/ethernalotto-1562/Simulation-34080176389878379269991340555937939751965924901115994619085914279145621169296.log中只找到一个 Trace
Trace saved to ./proxy_data/traces/ethernalotto-1562/Simulation-34080176389878379269991340555937939751965924901115994619085914279145621169296.json
Warning: 文件./proxy_data/traces/ethernalotto-1562/Simulation-7375304197034974201344066036983513163954202870339370889928291359366210271206.log中只找到一个 Trace
Trace saved to ./proxy_data/traces/ethernalotto-1562/Simulation-7375304197034974201344066036983513163954202870339370889928291359366210271206.json
Warning: 文件./proxy_data/traces/ethernalotto-1562/Simulation-80073131755049517934617379769334964801078424661038369645244320668644957593656.log中只找到一个 Trace
Trace saved to ./proxy_data/traces/ethernalotto-1562/Simulation-80073131755049517934617379769334964801078424661038369645244320668644957593656.json
Warning: 文件./proxy_data/traces/ethernalotto-1562/Simulation-115315729005702311524985102374347679111263097096426255295776732852199952152487.log中只找到一个 Trace
Trace saved to ./proxy_data/traces/ethernalotto-1562/Simulation-115315729005702311524985102374347679111263097096426255295776732852199952152487.json
Warning: 文件./proxy_data/traces/ethernalotto-1562/Simulation-112657565278779778881767731661906684029211815653777510255680091267236507705895.log中只找到一个 Trace
Trace saved to ./proxy_data/traces/ethernalotto-1562/Simulation-112657565278779778881767731661906684029211815653777510255680091267236507705895.json
All traces processed successfully!
🔧 Processing pride-punk-dao...
Error running forge command: Command 'forge test --match-path test/generated/pride-punk-dao/Simulation-107954604574984080825093509596896271206590077877507028396053150055895422819611.t.sol -vvvv > ./proxy_data/traces/pride-punk-dao/Simulation-107954604574984080825093509596896271206590077877507028396053150055895422819611.log' returned non-zero exit status 1.
Error running forge command: Command 'forge test --match-path test/generated/pride-punk-dao/Simulation-47393902534692990859176368151227999067439581473877478758311219222668606168699.t.sol -vvvv > ./proxy_data/traces/pride-punk-dao/Simulation-47393902534692990859176368151227999067439581473877478758311219222668606168699.log' returned non-zero exit status 1.
Error running forge command: Command 'forge test --match-path test/generated/pride-punk-dao/Simulation-29697001004340146027349994984403599411809925941776492231041068133288156266133.t.sol -vvvv > ./proxy_data/traces/pride-punk-dao/Simulation-29697001004340146027349994984403599411809925941776492231041068133288156266133.log' returned non-zero exit status 1.
Error running forge command: Command 'forge test --match-path test/generated/pride-punk-dao/Simulation-50621256716807766967281661368158059729614020475821210961571862192314224178421.t.sol -vvvv > ./proxy_data/traces/pride-punk-dao/Simulation-50621256716807766967281661368158059729614020475821210961571862192314224178421.log' returned non-zero exit status 1.
Error running forge command: Command 'forge test --match-path test/generated/pride-punk-dao/Simulation-6787181056091204844512431328335083698279328047920458415890529596977206001228.t.sol -vvvv > ./proxy_data/traces/pride-punk-dao/Simulation-6787181056091204844512431328335083698279328047920458415890529596977206001228.log' returned non-zero exit status 1.
🧹 Removed empty directory test/generated/pride-punk-dao
Warning: 文件./proxy_data/traces/pride-punk-dao/Simulation-107954604574984080825093509596896271206590077877507028396053150055895422819611.log中只找到一个 Trace
Trace saved to ./proxy_data/traces/pride-punk-dao/Simulation-107954604574984080825093509596896271206590077877507028396053150055895422819611.json
Warning: 文件./proxy_data/traces/pride-punk-dao/Simulation-50621256716807766967281661368158059729614020475821210961571862192314224178421.log中只找到一个 Trace
Trace saved to ./proxy_data/traces/pride-punk-dao/Simulation-50621256716807766967281661368158059729614020475821210961571862192314224178421.json
Warning: 文件./proxy_data/traces/pride-punk-dao/Simulation-47393902534692990859176368151227999067439581473877478758311219222668606168699.log中只找到一个 Trace
Trace saved to ./proxy_data/traces/pride-punk-dao/Simulation-47393902534692990859176368151227999067439581473877478758311219222668606168699.json
Warning: 文件./proxy_data/traces/pride-punk-dao/Simulation-6787181056091204844512431328335083698279328047920458415890529596977206001228.log中只找到一个 Trace
Trace saved to ./proxy_data/traces/pride-punk-dao/Simulation-6787181056091204844512431328335083698279328047920458415890529596977206001228.json
Warning: 文件./proxy_data/traces/pride-punk-dao/Simulation-29697001004340146027349994984403599411809925941776492231041068133288156266133.log中只找到一个 Trace
Trace saved to ./proxy_data/traces/pride-punk-dao/Simulation-29697001004340146027349994984403599411809925941776492231041068133288156266133.json
All traces processed successfully!
🔧 Processing test42...
Error running forge command: Command 'forge test --match-path test/generated/test42/Simulation-71448228940241263409237835275357800844016077736897107829312619240610868452402.t.sol -vvvv > ./proxy_data/traces/test42/Simulation-71448228940241263409237835275357800844016077736897107829312619240610868452402.log' returned non-zero exit status 1.
Error running forge command: Command 'forge test --match-path test/generated/test42/Simulation-76485480499375693306598289384639036359064302184260090756918996999511254327930.t.sol -vvvv > ./proxy_data/traces/test42/Simulation-76485480499375693306598289384639036359064302184260090756918996999511254327930.log' returned non-zero exit status 1.
🧹 Removed empty directory test/generated/test42
Warning: 文件./proxy_data/traces/test42/Simulation-76485480499375693306598289384639036359064302184260090756918996999511254327930.log中只找到一个 Trace
Trace saved to ./proxy_data/traces/test42/Simulation-76485480499375693306598289384639036359064302184260090756918996999511254327930.json
Warning: 文件./proxy_data/traces/test42/Simulation-71448228940241263409237835275357800844016077736897107829312619240610868452402.log中只找到一个 Trace
Trace saved to ./proxy_data/traces/test42/Simulation-71448228940241263409237835275357800844016077736897107829312619240610868452402.json
All traces processed successfully!
🔧 Processing open-money...
Error running forge command: Command 'forge test --match-path test/generated/open-money/Simulation-44670476644626319815264801668533309451627658826364646593013709825661788063516.t.sol -vvvv > ./proxy_data/traces/open-money/Simulation-44670476644626319815264801668533309451627658826364646593013709825661788063516.log' returned non-zero exit status 1.
Error running forge command: Command 'forge test --match-path test/generated/open-money/Simulation-99056802950559246395179777601161906233566204574399084774672785312932368165913.t.sol -vvvv > ./proxy_data/traces/open-money/Simulation-99056802950559246395179777601161906233566204574399084774672785312932368165913.log' returned non-zero exit status 1.
Error running forge command: Command 'forge test --match-path test/generated/open-money/Simulation-18305831097075016846509136794092978834156447453909939071443165158184809810601.t.sol -vvvv > ./proxy_data/traces/open-money/Simulation-18305831097075016846509136794092978834156447453909939071443165158184809810601.log' returned non-zero exit status 1.
Error running forge command: Command 'forge test --match-path test/generated/open-money/Simulation-28632432077353071875540375850054761650807381688538024309379419634224749132487.t.sol -vvvv > ./proxy_data/traces/open-money/Simulation-28632432077353071875540375850054761650807381688538024309379419634224749132487.log' returned non-zero exit status 1.
Error running forge command: Command 'forge test --match-path test/generated/open-money/Simulation-74997595499865598158242255267277867903583239861040726799173935365709267472136.t.sol -vvvv > ./proxy_data/traces/open-money/Simulation-74997595499865598158242255267277867903583239861040726799173935365709267472136.log' returned non-zero exit status 1.
🧹 Removed empty directory test/generated/open-money
Warning: 文件./proxy_data/traces/open-money/Simulation-99056802950559246395179777601161906233566204574399084774672785312932368165913.log中只找到一个 Trace
Trace saved to ./proxy_data/traces/open-money/Simulation-99056802950559246395179777601161906233566204574399084774672785312932368165913.json
Warning: 文件./proxy_data/traces/open-money/Simulation-44670476644626319815264801668533309451627658826364646593013709825661788063516.log中只找到一个 Trace
Trace saved to ./proxy_data/traces/open-money/Simulation-44670476644626319815264801668533309451627658826364646593013709825661788063516.json
Warning: 文件./proxy_data/traces/open-money/Simulation-18305831097075016846509136794092978834156447453909939071443165158184809810601.log中只找到一个 Trace
Trace saved to ./proxy_data/traces/open-money/Simulation-18305831097075016846509136794092978834156447453909939071443165158184809810601.json
Warning: 文件./proxy_data/traces/open-money/Simulation-28632432077353071875540375850054761650807381688538024309379419634224749132487.log中只找到一个 Trace
Trace saved to ./proxy_data/traces/open-money/Simulation-28632432077353071875540375850054761650807381688538024309379419634224749132487.json
Warning: 文件./proxy_data/traces/open-money/Simulation-74997595499865598158242255267277867903583239861040726799173935365709267472136.log中只找到一个 Trace
Trace saved to ./proxy_data/traces/open-money/Simulation-74997595499865598158242255267277867903583239861040726799173935365709267472136.json
All traces processed successfully!
🔧 Processing testing-prod-add-a-dao...
Traces saved to ./proxy_data/traces/testing-prod-add-a-dao/Simulation-67248067490433059971315288835729772514418884227136672920730293399852439398233.log
Traces saved to ./proxy_data/traces/testing-prod-add-a-dao/Simulation-21396323324538182839310142546704234287903500355613802274805804366863880430714.log
Traces saved to ./proxy_data/traces/testing-prod-add-a-dao/Simulation-2006434983101062575889860703506713885792161385365223017073562984252937485656.log
Traces saved to ./proxy_data/traces/testing-prod-add-a-dao/Simulation-102732855690168220915217596969416501543857031035664794809372801383588793343625.log
Traces saved to ./proxy_data/traces/testing-prod-add-a-dao/Simulation-46087053208105781332229033957922056484955685341925381697215954730936447481136.log
🧹 Removed empty directory test/generated/testing-prod-add-a-dao
Warning: 文件./proxy_data/traces/testing-prod-add-a-dao/Simulation-67248067490433059971315288835729772514418884227136672920730293399852439398233.log中只找到一个 Trace
Trace saved to ./proxy_data/traces/testing-prod-add-a-dao/Simulation-67248067490433059971315288835729772514418884227136672920730293399852439398233.json
Warning: 文件./proxy_data/traces/testing-prod-add-a-dao/Simulation-2006434983101062575889860703506713885792161385365223017073562984252937485656.log中只找到一个 Trace
Trace saved to ./proxy_data/traces/testing-prod-add-a-dao/Simulation-2006434983101062575889860703506713885792161385365223017073562984252937485656.json
Warning: 文件./proxy_data/traces/testing-prod-add-a-dao/Simulation-21396323324538182839310142546704234287903500355613802274805804366863880430714.log中只找到一个 Trace
Trace saved to ./proxy_data/traces/testing-prod-add-a-dao/Simulation-21396323324538182839310142546704234287903500355613802274805804366863880430714.json
Warning: 文件./proxy_data/traces/testing-prod-add-a-dao/Simulation-46087053208105781332229033957922056484955685341925381697215954730936447481136.log中只找到一个 Trace
Trace saved to ./proxy_data/traces/testing-prod-add-a-dao/Simulation-46087053208105781332229033957922056484955685341925381697215954730936447481136.json
Warning: 文件./proxy_data/traces/testing-prod-add-a-dao/Simulation-102732855690168220915217596969416501543857031035664794809372801383588793343625.log中只找到一个 Trace
Trace saved to ./proxy_data/traces/testing-prod-add-a-dao/Simulation-102732855690168220915217596969416501543857031035664794809372801383588793343625.json
All traces processed successfully!
🔧 Processing bytomdao...
Traces saved to ./proxy_data/traces/bytomdao/Simulation-59902048203068848288916346453893407387671539310377237133529273188309084516392.log
Traces saved to ./proxy_data/traces/bytomdao/Simulation-67273922426611845561225362266987328178479482653753121734771573982100212391429.log
Traces saved to ./proxy_data/traces/bytomdao/Simulation-92307142479535203118847074888678967876441092296749126674171075229938061510207.log
Traces saved to ./proxy_data/traces/bytomdao/Simulation-112929100782493343151645238269157262957760094106057515793921275010646380942207.log
Traces saved to ./proxy_data/traces/bytomdao/Simulation-1556961972849762260351693388830040054423695096138351697376373960141925523274.log
🧹 Removed empty directory test/generated/bytomdao
Warning: 文件./proxy_data/traces/bytomdao/Simulation-1556961972849762260351693388830040054423695096138351697376373960141925523274.log中只找到一个 Trace
Trace saved to ./proxy_data/traces/bytomdao/Simulation-1556961972849762260351693388830040054423695096138351697376373960141925523274.json
Warning: 文件./proxy_data/traces/bytomdao/Simulation-67273922426611845561225362266987328178479482653753121734771573982100212391429.log中只找到一个 Trace
Trace saved to ./proxy_data/traces/bytomdao/Simulation-67273922426611845561225362266987328178479482653753121734771573982100212391429.json
Warning: 文件./proxy_data/traces/bytomdao/Simulation-112929100782493343151645238269157262957760094106057515793921275010646380942207.log中只找到一个 Trace
Trace saved to ./proxy_data/traces/bytomdao/Simulation-112929100782493343151645238269157262957760094106057515793921275010646380942207.json
Warning: 文件./proxy_data/traces/bytomdao/Simulation-59902048203068848288916346453893407387671539310377237133529273188309084516392.log中只找到一个 Trace
Trace saved to ./proxy_data/traces/bytomdao/Simulation-59902048203068848288916346453893407387671539310377237133529273188309084516392.json
Warning: 文件./proxy_data/traces/bytomdao/Simulation-92307142479535203118847074888678967876441092296749126674171075229938061510207.log中只找到一个 Trace
Trace saved to ./proxy_data/traces/bytomdao/Simulation-92307142479535203118847074888678967876441092296749126674171075229938061510207.json
All traces processed successfully!
🔧 Processing puresky-dao...
Error running forge command: Command 'forge test --match-path test/generated/puresky-dao/Simulation-2729160045358229892540683169082958271286433438879633170207337219962001472076.t.sol -vvvv > ./proxy_data/traces/puresky-dao/Simulation-2729160045358229892540683169082958271286433438879633170207337219962001472076.log' returned non-zero exit status 1.
Error running forge command: Command 'forge test --match-path test/generated/puresky-dao/Simulation-45522587031307731955680690256196800235498000885205023534299598391881702208493.t.sol -vvvv > ./proxy_data/traces/puresky-dao/Simulation-45522587031307731955680690256196800235498000885205023534299598391881702208493.log' returned non-zero exit status 1.
🧹 Removed empty directory test/generated/puresky-dao
Warning: 文件./proxy_data/traces/puresky-dao/Simulation-45522587031307731955680690256196800235498000885205023534299598391881702208493.log中只找到一个 Trace
Trace saved to ./proxy_data/traces/puresky-dao/Simulation-45522587031307731955680690256196800235498000885205023534299598391881702208493.json
Warning: 文件./proxy_data/traces/puresky-dao/Simulation-2729160045358229892540683169082958271286433438879633170207337219962001472076.log中只找到一个 Trace
Trace saved to ./proxy_data/traces/puresky-dao/Simulation-2729160045358229892540683169082958271286433438879633170207337219962001472076.json
All traces processed successfully!
🔧 Processing degen-eth...
Error running forge command: Command 'forge test --match-path test/generated/degen-eth/Simulation-95541837164987544189522095197151543520122288564453728576540517439125710424446.t.sol -vvvv > ./proxy_data/traces/degen-eth/Simulation-95541837164987544189522095197151543520122288564453728576540517439125710424446.log' returned non-zero exit status 1.
🧹 Removed empty directory test/generated/degen-eth
Warning: 文件./proxy_data/traces/degen-eth/Simulation-95541837164987544189522095197151543520122288564453728576540517439125710424446.log中只找到一个 Trace
Trace saved to ./proxy_data/traces/degen-eth/Simulation-95541837164987544189522095197151543520122288564453728576540517439125710424446.json
All traces processed successfully!
🔧 Processing mystiko...
Error running forge command: Command 'forge test --match-path test/generated/mystiko/Simulation-54965649139813118779891407163659759315877668161503791743018447169694125474214.t.sol -vvvv > ./proxy_data/traces/mystiko/Simulation-54965649139813118779891407163659759315877668161503791743018447169694125474214.log' returned non-zero exit status 1.
🧹 Removed empty directory test/generated/mystiko
Warning: 文件./proxy_data/traces/mystiko/Simulation-54965649139813118779891407163659759315877668161503791743018447169694125474214.log中只找到一个 Trace
Trace saved to ./proxy_data/traces/mystiko/Simulation-54965649139813118779891407163659759315877668161503791743018447169694125474214.json
All traces processed successfully!
🔧 Processing demo-0x3692bad285a9730c0ff4f4888c0cb07bda65317b...
Error running forge command: Command 'forge test --match-path test/generated/demo-0x3692bad285a9730c0ff4f4888c0cb07bda65317b/Simulation-93462443395096443946150177220741803521704266098923593611675620895570538737204.t.sol -vvvv > ./proxy_data/traces/demo-0x3692bad285a9730c0ff4f4888c0cb07bda65317b/Simulation-93462443395096443946150177220741803521704266098923593611675620895570538737204.log' returned non-zero exit status 1.
Error running forge command: Command 'forge test --match-path test/generated/demo-0x3692bad285a9730c0ff4f4888c0cb07bda65317b/Simulation-50892372537271828828702537917602228839248616358100346766138701322016000767741.t.sol -vvvv > ./proxy_data/traces/demo-0x3692bad285a9730c0ff4f4888c0cb07bda65317b/Simulation-50892372537271828828702537917602228839248616358100346766138701322016000767741.log' returned non-zero exit status 1.
🧹 Removed empty directory test/generated/demo-0x3692bad285a9730c0ff4f4888c0cb07bda65317b
Warning: 文件./proxy_data/traces/demo-0x3692bad285a9730c0ff4f4888c0cb07bda65317b/Simulation-93462443395096443946150177220741803521704266098923593611675620895570538737204.log中只找到一个 Trace
Trace saved to ./proxy_data/traces/demo-0x3692bad285a9730c0ff4f4888c0cb07bda65317b/Simulation-93462443395096443946150177220741803521704266098923593611675620895570538737204.json
Warning: 文件./proxy_data/traces/demo-0x3692bad285a9730c0ff4f4888c0cb07bda65317b/Simulation-50892372537271828828702537917602228839248616358100346766138701322016000767741.log中只找到一个 Trace
Trace saved to ./proxy_data/traces/demo-0x3692bad285a9730c0ff4f4888c0cb07bda65317b/Simulation-50892372537271828828702537917602228839248616358100346766138701322016000767741.json
All traces processed successfully!
🔧 Processing demo2-0x7aa6bfc32a2e84cd4cc6a12b98367361012471be...
Error running forge command: Command 'forge test --match-path test/generated/demo2-0x7aa6bfc32a2e84cd4cc6a12b98367361012471be/Simulation-28771161144608096690794999267917085450090012281571405483149682032858225473267.t.sol -vvvv > ./proxy_data/traces/demo2-0x7aa6bfc32a2e84cd4cc6a12b98367361012471be/Simulation-28771161144608096690794999267917085450090012281571405483149682032858225473267.log' returned non-zero exit status 1.
Error running forge command: Command 'forge test --match-path test/generated/demo2-0x7aa6bfc32a2e84cd4cc6a12b98367361012471be/Simulation-5537331305264622849821853190117397002124789317683243975367317301883673701746.t.sol -vvvv > ./proxy_data/traces/demo2-0x7aa6bfc32a2e84cd4cc6a12b98367361012471be/Simulation-5537331305264622849821853190117397002124789317683243975367317301883673701746.log' returned non-zero exit status 1.
Error running forge command: Command 'forge test --match-path test/generated/demo2-0x7aa6bfc32a2e84cd4cc6a12b98367361012471be/Simulation-69872797679996277008604314550583902674553831345969985282494734346036705581451.t.sol -vvvv > ./proxy_data/traces/demo2-0x7aa6bfc32a2e84cd4cc6a12b98367361012471be/Simulation-69872797679996277008604314550583902674553831345969985282494734346036705581451.log' returned non-zero exit status 1.
Error running forge command: Command 'forge test --match-path test/generated/demo2-0x7aa6bfc32a2e84cd4cc6a12b98367361012471be/Simulation-85494843077122305823081012726130155039772209600548263327051913685593054880567.t.sol -vvvv > ./proxy_data/traces/demo2-0x7aa6bfc32a2e84cd4cc6a12b98367361012471be/Simulation-85494843077122305823081012726130155039772209600548263327051913685593054880567.log' returned non-zero exit status 1.
Error running forge command: Command 'forge test --match-path test/generated/demo2-0x7aa6bfc32a2e84cd4cc6a12b98367361012471be/Simulation-6360430071041306658369357234636153467454481419169951196438814614310041541552.t.sol -vvvv > ./proxy_data/traces/demo2-0x7aa6bfc32a2e84cd4cc6a12b98367361012471be/Simulation-6360430071041306658369357234636153467454481419169951196438814614310041541552.log' returned non-zero exit status 1.
🧹 Removed empty directory test/generated/demo2-0x7aa6bfc32a2e84cd4cc6a12b98367361012471be
Warning: 文件./proxy_data/traces/demo2-0x7aa6bfc32a2e84cd4cc6a12b98367361012471be/Simulation-85494843077122305823081012726130155039772209600548263327051913685593054880567.log中只找到一个 Trace
Trace saved to ./proxy_data/traces/demo2-0x7aa6bfc32a2e84cd4cc6a12b98367361012471be/Simulation-85494843077122305823081012726130155039772209600548263327051913685593054880567.json
Warning: 文件./proxy_data/traces/demo2-0x7aa6bfc32a2e84cd4cc6a12b98367361012471be/Simulation-6360430071041306658369357234636153467454481419169951196438814614310041541552.log中只找到一个 Trace
Trace saved to ./proxy_data/traces/demo2-0x7aa6bfc32a2e84cd4cc6a12b98367361012471be/Simulation-6360430071041306658369357234636153467454481419169951196438814614310041541552.json
Warning: 文件./proxy_data/traces/demo2-0x7aa6bfc32a2e84cd4cc6a12b98367361012471be/Simulation-69872797679996277008604314550583902674553831345969985282494734346036705581451.log中只找到一个 Trace
Trace saved to ./proxy_data/traces/demo2-0x7aa6bfc32a2e84cd4cc6a12b98367361012471be/Simulation-69872797679996277008604314550583902674553831345969985282494734346036705581451.json
Warning: 文件./proxy_data/traces/demo2-0x7aa6bfc32a2e84cd4cc6a12b98367361012471be/Simulation-5537331305264622849821853190117397002124789317683243975367317301883673701746.log中只找到一个 Trace
Trace saved to ./proxy_data/traces/demo2-0x7aa6bfc32a2e84cd4cc6a12b98367361012471be/Simulation-5537331305264622849821853190117397002124789317683243975367317301883673701746.json
Warning: 文件./proxy_data/traces/demo2-0x7aa6bfc32a2e84cd4cc6a12b98367361012471be/Simulation-28771161144608096690794999267917085450090012281571405483149682032858225473267.log中只找到一个 Trace
Trace saved to ./proxy_data/traces/demo2-0x7aa6bfc32a2e84cd4cc6a12b98367361012471be/Simulation-28771161144608096690794999267917085450090012281571405483149682032858225473267.json
All traces processed successfully!
🔧 Processing zivoe...
Error running forge command: Command 'forge test --match-path test/generated/zivoe/Simulation-1843151771785968206865848490950897341980876252309074771062550708028950245793.t.sol -vvvv > ./proxy_data/traces/zivoe/Simulation-1843151771785968206865848490950897341980876252309074771062550708028950245793.log' returned non-zero exit status 1.
Error running forge command: Command 'forge test --match-path test/generated/zivoe/Simulation-54114117911970042569981305763850453838242432871316187462896375025111508948059.t.sol -vvvv > ./proxy_data/traces/zivoe/Simulation-54114117911970042569981305763850453838242432871316187462896375025111508948059.log' returned non-zero exit status 1.
Error running forge command: Command 'forge test --match-path test/generated/zivoe/Simulation-68207985198067703599346792164862724425865790134891740091535245044443705095603.t.sol -vvvv > ./proxy_data/traces/zivoe/Simulation-68207985198067703599346792164862724425865790134891740091535245044443705095603.log' returned non-zero exit status 1.
Error running forge command: Command 'forge test --match-path test/generated/zivoe/Simulation-99357256787073359168018374511076210772743152357357320952893531925220313426659.t.sol -vvvv > ./proxy_data/traces/zivoe/Simulation-99357256787073359168018374511076210772743152357357320952893531925220313426659.log' returned non-zero exit status 1.
Error running forge command: Command 'forge test --match-path test/generated/zivoe/Simulation-98980885904733487006294563195064028796160030654166092610965450180553932999739.t.sol -vvvv > ./proxy_data/traces/zivoe/Simulation-98980885904733487006294563195064028796160030654166092610965450180553932999739.log' returned non-zero exit status 1.
🧹 Removed empty directory test/generated/zivoe
Warning: 文件./proxy_data/traces/zivoe/Simulation-1843151771785968206865848490950897341980876252309074771062550708028950245793.log中只找到一个 Trace
Trace saved to ./proxy_data/traces/zivoe/Simulation-1843151771785968206865848490950897341980876252309074771062550708028950245793.json
Warning: 文件./proxy_data/traces/zivoe/Simulation-98980885904733487006294563195064028796160030654166092610965450180553932999739.log中只找到一个 Trace
Trace saved to ./proxy_data/traces/zivoe/Simulation-98980885904733487006294563195064028796160030654166092610965450180553932999739.json
Warning: 文件./proxy_data/traces/zivoe/Simulation-54114117911970042569981305763850453838242432871316187462896375025111508948059.log中只找到一个 Trace
Trace saved to ./proxy_data/traces/zivoe/Simulation-54114117911970042569981305763850453838242432871316187462896375025111508948059.json
Warning: 文件./proxy_data/traces/zivoe/Simulation-68207985198067703599346792164862724425865790134891740091535245044443705095603.log中只找到一个 Trace
Trace saved to ./proxy_data/traces/zivoe/Simulation-68207985198067703599346792164862724425865790134891740091535245044443705095603.json
Warning: 文件./proxy_data/traces/zivoe/Simulation-99357256787073359168018374511076210772743152357357320952893531925220313426659.log中只找到一个 Trace
Trace saved to ./proxy_data/traces/zivoe/Simulation-99357256787073359168018374511076210772743152357357320952893531925220313426659.json
All traces processed successfully!
🔧 Processing qcle-0x3d0bd4c8310edff14fe3e0bfdafee2366bcfc5d2...
Error running forge command: Command 'forge test --match-path test/generated/qcle-0x3d0bd4c8310edff14fe3e0bfdafee2366bcfc5d2/Simulation-3089358430878110669999093150829381715467765309049299737673903178643643953348.t.sol -vvvv > ./proxy_data/traces/qcle-0x3d0bd4c8310edff14fe3e0bfdafee2366bcfc5d2/Simulation-3089358430878110669999093150829381715467765309049299737673903178643643953348.log' returned non-zero exit status 1.
Error running forge command: Command 'forge test --match-path test/generated/qcle-0x3d0bd4c8310edff14fe3e0bfdafee2366bcfc5d2/Simulation-72453568775416253649886969091868890914506164647779919261953103039709381569561.t.sol -vvvv > ./proxy_data/traces/qcle-0x3d0bd4c8310edff14fe3e0bfdafee2366bcfc5d2/Simulation-72453568775416253649886969091868890914506164647779919261953103039709381569561.log' returned non-zero exit status 1.
Error running forge command: Command 'forge test --match-path test/generated/qcle-0x3d0bd4c8310edff14fe3e0bfdafee2366bcfc5d2/Simulation-75511465525839068340515275149375061906582459746861616890033230482001454528887.t.sol -vvvv > ./proxy_data/traces/qcle-0x3d0bd4c8310edff14fe3e0bfdafee2366bcfc5d2/Simulation-75511465525839068340515275149375061906582459746861616890033230482001454528887.log' returned non-zero exit status 1.
Error running forge command: Command 'forge test --match-path test/generated/qcle-0x3d0bd4c8310edff14fe3e0bfdafee2366bcfc5d2/Simulation-55853444603278044326628187195155591993972876546900673373119584297255029522989.t.sol -vvvv > ./proxy_data/traces/qcle-0x3d0bd4c8310edff14fe3e0bfdafee2366bcfc5d2/Simulation-55853444603278044326628187195155591993972876546900673373119584297255029522989.log' returned non-zero exit status 1.
Error running forge command: Command 'forge test --match-path test/generated/qcle-0x3d0bd4c8310edff14fe3e0bfdafee2366bcfc5d2/Simulation-88825100227687322958697088251695786411133099859314045905848901899575840795704.t.sol -vvvv > ./proxy_data/traces/qcle-0x3d0bd4c8310edff14fe3e0bfdafee2366bcfc5d2/Simulation-88825100227687322958697088251695786411133099859314045905848901899575840795704.log' returned non-zero exit status 1.
🧹 Removed empty directory test/generated/qcle-0x3d0bd4c8310edff14fe3e0bfdafee2366bcfc5d2
Warning: 文件./proxy_data/traces/qcle-0x3d0bd4c8310edff14fe3e0bfdafee2366bcfc5d2/Simulation-3089358430878110669999093150829381715467765309049299737673903178643643953348.log中只找到一个 Trace
Trace saved to ./proxy_data/traces/qcle-0x3d0bd4c8310edff14fe3e0bfdafee2366bcfc5d2/Simulation-3089358430878110669999093150829381715467765309049299737673903178643643953348.json
Warning: 文件./proxy_data/traces/qcle-0x3d0bd4c8310edff14fe3e0bfdafee2366bcfc5d2/Simulation-55853444603278044326628187195155591993972876546900673373119584297255029522989.log中只找到一个 Trace
Trace saved to ./proxy_data/traces/qcle-0x3d0bd4c8310edff14fe3e0bfdafee2366bcfc5d2/Simulation-55853444603278044326628187195155591993972876546900673373119584297255029522989.json
Warning: 文件./proxy_data/traces/qcle-0x3d0bd4c8310edff14fe3e0bfdafee2366bcfc5d2/Simulation-72453568775416253649886969091868890914506164647779919261953103039709381569561.log中只找到一个 Trace
Trace saved to ./proxy_data/traces/qcle-0x3d0bd4c8310edff14fe3e0bfdafee2366bcfc5d2/Simulation-72453568775416253649886969091868890914506164647779919261953103039709381569561.json
Warning: 文件./proxy_data/traces/qcle-0x3d0bd4c8310edff14fe3e0bfdafee2366bcfc5d2/Simulation-75511465525839068340515275149375061906582459746861616890033230482001454528887.log中只找到一个 Trace
Trace saved to ./proxy_data/traces/qcle-0x3d0bd4c8310edff14fe3e0bfdafee2366bcfc5d2/Simulation-75511465525839068340515275149375061906582459746861616890033230482001454528887.json
Warning: 文件./proxy_data/traces/qcle-0x3d0bd4c8310edff14fe3e0bfdafee2366bcfc5d2/Simulation-88825100227687322958697088251695786411133099859314045905848901899575840795704.log中只找到一个 Trace
Trace saved to ./proxy_data/traces/qcle-0x3d0bd4c8310edff14fe3e0bfdafee2366bcfc5d2/Simulation-88825100227687322958697088251695786411133099859314045905848901899575840795704.json
All traces processed successfully!
🔧 Processing olas-prev-autonolas...
🧹 Removed empty directory test/generated/olas-prev-autonolas
⚠️ No output trace for olas-prev-autonolas, skipped formatting.
✅ All slugs processed successfully!
